acropolis_athens,0.00755137382217992,0.709183901589085,0.022792127968877,0.0625803490597807,0.00249186233788541,0,0.0029078064619016,0.000762205852081778,0,0.239392484518825,0.0010442503406814,0.0079039078366166,0.775738425986503,0.0205102772887108,0.0416553198898105,0.00208571626954824,0.00249764789578493,0.00269003865156163,0.00241387722108069,1.56579378215629e-05,0.191936044849685,0.0012595169588695,0.0404217685470174,0.766320291488956,0.0297202545354602,0.0752676827960739,0.0102988000131634,0.00117776675377418,0.00136929747117456,0.00434212190217037,2.04353285571352e-05,0.118507002405719,0.00126116525153414,0.161460711767937,0.209558018243313,0.196087671572163,0.249052014713416,0.0738070809392787,0.00468492872243762,0.0125544775871283,0.000610624479502782,1.280747310812e-05,0.130690180830294,0.0101872517768752,0.130144845810505,0.118614530387448,0.214065860737193,0.381046499909402,0.0702915781177226,0.00314608344867574,0.0171124156148265,0.00522001004783428,7.53168390620944e-05,0.0979221438462634,0.0110669117518872,0.123573775120768,0.191671490309513,0.20744088457942,0.32825164539096,0.095181698764574,0.000423698246955352,0.0177378970744202,0.00393960885083154,4.21850258584321e-05,0.073606696374392,0.00683718695831089,0.224349218697799,0.0430790052240945,0.169637851909213,0.265657136053928,0.22023631607194,0.000161558700690556,0.0106958611086488,0.00291610173509563,0.00016674922176979,0.0924577095004598,0.0193487983087611,0.297005283780239,0.0165698094370224,0.158806808244761,0.276007689414907,0.213106311152834,0.00259038468209072,0.0121088064009841,0.00662959497038565,0.0144232141081587,0.0428482320300513,0.00860970125788849,0.329972234288126,0.0604370746953221,0.120172010773667,0.298041196057794,0.187827960976598,0.00263159960192837,0.00548002842590239,0.00578742032106151,0.00630068077270689,0.0213690743229193,0.0106867115269319
agra_fort,0.0275202886840736,0.254091320673364,0.439401596678859,0.0111678375930558,0.0307235864322863,2.80130592931836e-05,0.00186278396928778,0.0134307024322013,0.00198485248739816,0.246214401205535,0.0688190044381451,0.00328773552352448,0.290020639562799,0.38961759727508,0.027284323973617,0.0108316917624265,0.0175349179534191,0.0394894425924159,0.0648825697478912,0.00889749692275422,0.15667142366728,0.0867259237270129,0.00463536656956781,0.293530587012832,0.317398556635895,0.020004476603352,0.0132365185095462,0.0109418752862983,0.0407004035776161,0.0170373352882285,0.00989902964788289,0.24848580457581,0.11937402720725,0.146117800300829,0.0375137790381386,0.550161711584358,0.0589636912866798,0.133003141357127,0.0204426734153341,0.007228672124059,0.0466261763565762,0.00710014070471512,0.0512323207112733,0.036853983467821,0.0966574854661141,0.0193747563906263,0.522571277113968,0.0696072346716873,0.118415311880059,0.0431839649056298,0.0278548502268011,0.10419888084808,0.00393917393353606,0.0282986106492933,0.0611425941391979,0.0369106490269792,0.0852839252300331,0.307372747453905,0.104902290924307,0.133672526158623,0.0329959710934676,0.0746820726410077,0.106642855744933,0.0150382112332528,0.0602054596309931,0.137537207594077,0.103831677167729,0.0194568085852317,0.376070835878001,0.0914350679324454,0.327145419359338,0.00884830724839837,0.0113374282781528,0.0685200842226221,0.0127570924384272,0.0590852070280732,0.0167560818196795,0.0776051055202928,0.0141500664502057,0.307699409458626,0.1212304583867,0.29449871477931,0.0846543698561573,0.0243778918625873,0.0917362110734151,0.00800631841668205,0.0271790318024459,0.044106485508938,0.115781340223184,0.0471201668143672,0.162310984032725,0.136109126953776,0.324592903569403,0.0492941578937713,0.0598465807471702,0.0289091411212609,0.0301909102552779,0.0892419392323852,0.0518472905776216
albert_memorial,0.0402215116897093,0.724606437455629,0.234728244546237,0.0634405787638637,0.0602274498343744,0.00821856777775486,0.0019926084298456,0.00156246732176524,0.00200221611641564,0.068218885334302,0.0320563994099809,0.143655627395409,0.515583343698324,0.318664804047912,0.0608933026576446,0.114797520589714,0.0146224337725921,0.00546208995906162,0.000817156774900758,0.00153627330522892,0.0233580203367948,0.0378847599440163,0.0424535942003477,0.797127437385032,0.206246115964749,0.0680337774765577,0.0743807984415168,0.00194324338228674,0.00189544230843546,0.00237422448374611,0.00123460644708068,0.0281314629235384,0.0134543801029919,0.110530086351071,0.448712111711609,0.281669839723044,0.0533703886050588,0.0391173018338921,0.0200286012108378,0.0269935158975133,0.00310043517046301,0.00272124275458953,0.195380469538937,0.0556508133126543,0.122606257882589,0.437886303212967,0.279902856513757,0.0927802684703745,0.048636141834784,0.00782925467333701,0.0529515663713491,0.00104213036796309,0.00153008477372478,0.110134152946514,0.0819761492412055,0.111353345948243,0.479267012037973,0.230178482399743,0.0798902542444164,0.0465882001918202,0.00752668714228675,0.00927606537151784,0.00474852483186292,0.00210680517917265,0.228098232734152,0.0382417551522549,0.29607512096743,0.372971497847378,0.140661461078975,0.15481791412872,0.117429586827329,0.0053541170687236,0.0155244128963076,0.00166255416387088,0.000615236113054669,0.0934495829555459,0.0387140856094735,0.213745129393742,0.0484981082286019,0.315056208937439,0.171519966422246,0.135261431924227,0.0111818887148478,0.0177619657204263,0.00131762544991539,0.00136088048426315,0.19012190387141,0.131450148075497,0.331798345005041,0.328189327179582,0.142948191254616,0.114260451773294,0.139192396057561,0.00662443467410539,0.00327172932661208,0.000939091996357923,0.00224669971504787,0.13652649783967,0.0312782168524313
altes_museum,0.209589013971122,0.199819220563478,0.338939257441861,0.229428278557828,0.00569928106439715,3.34901617031519e-05,0.0106685915321836,0.00367507007715911,0.00293443293875378,0.0596945941541925,0.00104127605012621,0.234280337726331,0.215505965395356,0.330230986139495,0.150372010070092,0.0142588752551603,0.000211378839588883,0.00786021071339688,0.00542657958435623,0.000717701537935342,0.0975951977171945,0.00506342301991851,0.105840870481107,0.4,0.373711861242277,0.0881970357827986,0.00319632072910615,5.38689305403408e-05,0.00175620580784555,0.00233921544177006,0.00117229095747205,0.084630579375881,0.00062416182922657,0.192860154481657,0.0520593680020589,0.325955415308434,0.272875959863501,0.0339945699620184,0.000734860379837671,0.0297848101563026,0.0258324129397781,0.00915779957223183,0.116602813952764,0.00166423514096804,0.261979022277538,0.0808203190357045,0.315845265435777,0.218826045413854,0.0531628677737376,0.000344955765900232,0.00987012346934442,0.0122281706553258,0.00313138993550223,0.10382779894013,0.00148666882322594,0.128829031389589,0.19702327509921,0.413819220574272,0.124296458420244,0.0330691045145189,0.00118005566640818,0.0237731238362805,0.0187256961691564,0.00676634913537773,0.110210205141886,0.0038299488527416,0.0675017238799425,0.0427249272909184,0.261560932490742,0.342958754665851,0.149585310570866,6.75822e-07,0.134198003115641,0.0011777536535375,0.00258214018959952,0.0392124135014448,0.0200194223203531,0.107362571207756,0.0218058099317383,0.287131963453308,0.214248686110315,0.181136423346754,3.19928199109393e-05,0.123136931402909,0.000328277066166586,0.00181504973259283,0.0923668229245053,0.0321583372511361,0.117773745591883,0.0580812746492136,0.374113197094302,0.150458192474579,0.156741602259154,6.39120562434033e-05,0.0215920008240091,0.000534911473544492,0.00110903260673655,0.14277709544732,0.038277384056738
amiens_cathedral,0.181493674307766,0.431559438201173,0.361387733767785,0.194674044362144,0.0930981258312317,0.0290926099875772,0.0175199631780901,0.0517725168086401,0.0290444768761192,0.09219674283096,0.0278790248469285,0.133667873892166,0.415294456431953,0.356355607978938,0.285834105748162,0.0573382215992656,0.0569647172939551,0.0133236581990124,0.0430615674369297,0.0336655965958978,0.0916680282257573,0.0225448545739468,0.242083952586082,0.424243038679119,0.308291241749504,0.187575304782476,0.0812802351307776,0.00515703743804137,0.0129749215771624,0.0438388474523725,0.0162594373318474,0.169816986059391,0.0181975447699029,0.221879086146812,0.294436794650095,0.306348342266596,0.298002573450675,0.0368722265692457,0.0388863264669215,0.0467378188557736,0.0106676405094642,0.0344137862301617,0.183635854843643,0.0378379115125973,0.150411814434429,0.219116744613449,0.241809991850776,0.400959546647067,0.0145719792654111,0.0872193139149311,0.0448510404590082,0.0123137664762646,0.0437654449453923,0.244195981430648,0.0505029026385681,0.125235057008992,0.240366308537896,0.362015138019899,0.308378477372467,0.0265023940566284,0.0439793728991353,0.0376280900269007,0.0869196642228128,0.0913666330403624,0.141960114001298,0.0453669114057531,0.452297776073222,0.18195670220461,0.263221311270246,0.345463425638623,0.118988258786159,0.0122139927359919,0.0187727444038076,0.0204886512833442,0.0144326940550929,0.0730663816933017,0.00881658805326994,0.530541169348171,0.0935773117651888,0.288408476254664,0.364723359233435,0.0354245104459702,0.0137148215856365,0.0267899423079452,0.0199178766651509,0.0245537861727097,0.105638957664328,0.00642778732539753,0.39791106629549,0.0784611581638267,0.336171197339366,0.342001793451745,0.0943386525970269,0.0133426833893366,0.0390361653326343,0.0228796279126916,0.022034262136371,0.154570765168703,0.00897168918903854
angel_of_the_north,0.0168575448792952,0.652654788552477,0.0252367699045006,0.0669404804134634,0.0101548029483801,0.0251211329780686,0.000198293535756787,0.000720414055250201,0.00533171969257286,0.279215173022596,1.02257778012276e-06,0.0888200797681779,0.546853300987586,0.0442087521925491,0.0281103663278662,0.0294007820389152,0.0485442199753665,0.00659314453474591,0.00690864820591015,0.015843317200314,0.267146506942055,3.04247187555821e-06,0.210583985483825,0.459625631008851,0.155789918143013,0.0337426888464114,0.0510268472616883,0.048452324226451,0.00426129965384122,0.00658781669899949,0.025314154601097,0.0865225801080136,0.00052566329403236,0.0406984095916437,0.378006329295398,0.0869612796873554,0.177126354204073,0.00537062285481803,0.027734817309669,0.0180292858866539,0.0113395199622502,0.0308693074281944,0.306296349120875,4.50596057661652e-07,0.130888694579739,0.213109843710733,0.240842677834625,0.0478564155730821,0.0293720654605303,0.0908490287192421,0.0280271960380882,0.0056984588383335,0.045980813625923,0.249336839707745,0.000470150680730101,0.173511357569152,0.376684764984448,0.141216382070426,0.0370811979305314,0.0745300289529158,0.0530116582414324,0.012813230565834,0.00669873568467636,0.0170948419431262,0.185429204307394,0.00436092281069417,0.112646716140049,0.485506139843412,0.0369635449511217,0.0901344936266305,0.302455918977135,0.008361790588736,0.000776277562447695,0.00107576391831301,0.00437877608083212,0.0322978237573756,0.00783487395888627,0.107244774445871,0.440932650369437,0.0898677860520966,0.0788565259497433,0.220688073100702,0.00456347967132732,0.00580012267681662,0.00165354518969436,0.00362985672709685,0.0301135749101087,0.0990818218713403,0.260584563418231,0.329699079417531,0.0918453608204004,0.0545943521904661,0.269802608658297,0.0346568,0.00270957928035522,0.00237971428754869,0.01018242,0.0179663813550882,0.00801151295884293
angkor_wat,0.0367042624665497,0.325377231763953,0.305177774458732,0.118124727230394,0.0142441673809877,0.00312346419949055,0.0970842905431153,0.000124282805370843,0.000209677412514434,0.325371838693184,0.116622459500485,0.0420407581789752,0.414732766336501,0.311207882366867,0.0677050586213718,0.0101032478671734,0.00343948493028427,0.121206784524982,0.00032906681820655,0.000699006560085855,0.223254610065321,0.147445770925574,0.00802613052237245,0.50618420726481,0.201532404046508,0.151912316402706,0.00349552469310288,0.00121437934468935,0.0939123117194964,0.000380347360504331,0.000154910636125992,0.231271702579049,0.14407926914216,0.448376897274101,0.0451441149589296,0.3463665241345,0.190462958145417,0.0809470459499555,0.0148925216932316,0.0706275648176174,0.0037092079135849,0.00655891940331212,0.0370932103339748,0.097984970312524,0.448151412255372,0.0390608369992321,0.363336041059047,0.145884418513164,0.106937395583145,0.0283850724540973,0.0642489109616017,0.00683868196963578,0.0161892912408781,0.0201582960432247,0.102973342910987,0.464197299642998,0.0849756815614241,0.322235867450291,0.189191310065463,0.0763542363001726,0.00463659446202584,0.0468526158799755,0.00433549286106279,0.00307564295949892,0.0397488597559417,0.106560582285365,0.331166475192106,0.0522051333622624,0.332174422668454,0.160315416282447,0.238197811547352,0.0313511363801748,0.0053039273938857,0.00123588323527146,0.00283509533111994,0.110442431736277,0.0769359151034932,0.293841502906493,0.0339275020428711,0.341417632603343,0.147994034861768,0.105767439878873,0.0510876770488871,0.0175535924700824,0.0171826799338552,0.00318416176273633,0.199909844135971,0.130297889029427,0.344666631947126,0.0280896731704461,0.32283628626197,0.196727682513311,0.0912346144017863,0.0733965500479422,0.00430623966189415,0.00960511356106759,0.00253809855960852,0.198027157172237,0.0707358006913999
ara_pacis,0.0319122365452287,0.04457886349896,0.102554009566639,0.693885444351871,0.14824282614324,0,0.00271461047838635,0.0022211483808183,0,0.104802705990105,2.00690137485362e-05,0.0356233986420179,0.0644395470287382,0.219444046302789,0.642580489165442,0.0945339962929321,0,0.00385410685526565,0.00390617658860148,6.52076069964129e-06,0.0662397519642303,0.000303960164941232,0.0233975993515725,0.0404909677953061,0.145989783335343,0.560993604853189,0.211839664949993,0,0.01117859345919,0.0057833200530309,3.26039570037197e-05,0.129377608510676,0.00184798016585781,0.0350389103921865,0.0106314923702916,0.0343103621579653,0.908213538182154,0.104847780008365,0,0.00341924253054005,0.00659147836471574,2.07165437395035e-05,0.0277793787808551,7.90520860346469e-05,0.0263255950305225,0.000515085363562664,0.176165052189588,0.766642560945528,0.096384084004381,0,0.006894332301727,0.00527862122361704,1.95623128000265e-05,0.0524937961318864,0.000213225171096331,0.0307053984428878,0.0158099387324007,0.166954192711856,0.588601443281827,0.234287736046175,0,0.00822319224781301,0.00814964776378721,9.78115640001326e-05,0.0778675875973972,0.000234781233223045,0.0242178791801123,0.00918328861752803,0.0555269632814386,0.831108511402508,0.157586001474213,0,0.00219897969653267,0.00612442008310605,0.0001695400852017,0.0447559707742075,6.02070713642037e-05,0.0125007601829529,0.0116055523245427,0.154187412193456,0.677200453701532,0.186658590657922,0,0.0049871574311007,0.00848263755802022,6.52076069964129e-06,0.0750719310942845,0.000230793974353414,0.0258764575627274,0.0112600523217092,0.173818497442667,0.658224883372648,0.179354123547393,0,0.00720128084801947,0.0126229266686023,1.95623128000265e-05,0.0625410900675173,1.30415521003852e-05
arc_de_triomphe,0.268563258214784,0.459464484917505,0.0412840929243028,0.232997817592561,0.0140241790222656,0.0250702884868831,0.00236997700507797,0.00693613626389296,0.00691195643466111,0.179254622066574,0.00618305679940582,0.309125583654665,0.341708054305127,0.0413509432336732,0.282646986210013,0.00350024882752326,0.0318579106131294,0.00132555457142826,0.0154804796188251,0.00221629511295754,0.203947535818264,0.00989961551626239,0.177215306190499,0.367284149951085,0.0372113139732677,0.360798312641602,0.0229974172090359,0.00444870573164826,0.00106097744775071,0.0146639901620534,0.000648723292272083,0.212709893151065,0.0440210639673572,0.285139375399435,0.336867014739559,0.0342860093089043,0.241137920788474,0.00112087148238411,0.119424439827327,0.00118800801609662,0.00204149408976175,0.00617912342056732,0.215478504250681,0.000196755364830541,0.251169498852687,0.168656295413253,0.0599508108929451,0.335197886791329,0.00165291403333679,0.169669702508345,0.00394605639408587,0.00560904888482561,0.00730140752659616,0.239121266407583,0.000784421156152529,0.134964252904361,0.351059969051886,0.0332158204973378,0.375729288941323,0.00231739222702412,0.0347226344648743,0.00232622171699618,0.00784823256103332,0.00116316217018418,0.298252571642148,0.00146010456320546,0.339900157548022,0.220089260891497,0.0920435703128903,0.185263758114473,0.0129813896844194,0.0713642153675851,0.0024665843317884,0.00440683873284162,0.00177008325084346,0.312146570909468,0.000627036153940073,0.184515263791175,0.111756112460816,0.116545397579486,0.330621234166824,0.00315754948716311,0.0928017081918705,0.0169867511375594,0.0251967094162816,0.00427363452930829,0.355889530286104,0.00131559581031834,0.116640588968761,0.18068080632918,0.170473757939315,0.267460228867224,0.0114990528250889,0.0419097288521029,0.00539487439802735,0.0183557258695414,0.00374705280821897,0.423137648495455,0.00376010610928827
aztec_ruins,0.213716895357728,0.221840424500639,0.0825985735114467,0.196682119667472,0.00967514610377339,0.000149180921068397,0.0782928557620145,0.0304083754674877,0.00109911885008885,0.263399422733451,0.0310324593372828,0.128277747920145,0.219005669972996,0.170931359970531,0.227630042582013,0.0165430604040051,0.000261605049262379,0.0660029040688398,0.0713461204814356,0.00290386372386673,0.224368174067875,0.00162349927390019,0.179821383483288,0.221565527626698,0.136671552797702,0.178836718604018,0.0026533325467785,6.85566260601602e-05,0.0393881636309993,0.0585761423733885,0.00487087151303759,0.262136144318624,0.0443057479307353,0.212781568347555,0.0524128902623054,0.354783875651955,0.214166135175281,0.0545572106134395,0.0152176371456063,0.0290845275572815,0.00599664807192415,0.0136970108728055,0.160585868850508,0.0156112838852513,0.274458556322748,0.0686053269060178,0.411930615959257,0.244922716221177,0.0374224270619346,0.033175058703316,0.0380609486104978,0.00651558875268695,0.00835752594936035,0.00237099162116266,0.00307417659058785,0.177513567769432,0.0943743389647742,0.302810943496673,0.241217328552811,0.0567853423776691,0.020429023686539,0.0176918607641281,0.00802555726952018,0.0126528275437197,0.171125133633363,0.0262684992755511,0.125063022935324,0.000268070237375898,0.388426217447828,0.197891568145445,0.0927238838366955,0.00874298225311715,0.0483131229360277,0.0119204457655099,0.0159779226502881,0.225127828694283,0.0144391844634565,0.113284605168339,0.000176497319365519,0.451738603326921,0.189262242293784,0.0998147677121298,0.0179804734478695,0.042482449662183,0.00816532140578236,0.0531696004330209,0.14325588493125,0.00956365099594978,0.119694525137646,9.21988251705393e-06,0.401106295935741,0.229366672986847,0.11044574836177,0.00475882466911941,0.0272289475300114,0.00057146650559874,0.0189438361990086,0.202672949299441,0.0140955448578028
berlin_cathedral,0.251013028007537,0.200490828262892,0.191711086685098,0.0599734789851741,0.194148497108094,0.00214083116184804,0.0113417297839533,0.0453713266944505,0.00354750464973749,0.241390050306028,0.0309159536794087,0.287203748784171,0.141923516343103,0.229851512040564,0.0412347081180494,0.0618996528528285,0.00913872757507381,0.00259097260859673,0.200302482275317,0.00994812545847702,0.242912748273275,0.00503863187240348,0.299588799690771,0.101215861583376,0.20038928449568,0.0480185101417157,0.0758438934419386,0.000267121127517889,0.00272907270244788,0.139477913080524,0.00118668625018565,0.324792077311119,0.0385356345372464,0.3619152947187,0.0413032038353383,0.187505959097163,0.128359770368675,0.0960906132657924,0.0116797214294577,0.0128095781474582,0.100958972551232,0.00981117701147385,0.217196095539841,0.0644142675005227,0.235114721919156,0.0307063279060208,0.228293132920768,0.208607019676933,0.177711282386645,0.0112749177909177,0.0103429837472929,0.117279805419631,0.00782179353740509,0.115578104510713,0.0893144980565553,0.262242241058752,0.0533294458850796,0.228894365016594,0.159110178063074,0.0869748376663021,0.00665821286492847,0.00929247857100655,0.129535115035899,0.0110191509654894,0.196011817412835,0.0889771864967605,0.537577938812876,0.00728603214788392,0.1720371710712,0.15954022902645,0.195156170095195,0.00466168702675937,0.000308783053529434,0.049164866746818,0.00898337227691271,0.0652670405241011,0.0320622165611172,0.424157373966816,0.00613705007715648,0.168060055365366,0.153388289272137,0.197208339436338,0.00805432252543077,0.00139459458780174,0.0785990495150517,0.0437328905271603,0.0950423021970868,0.0562703202025054,0.351041319834047,0.00277709766698037,0.18587776327655,0.149095207624402,0.171470669471354,0.005447251636982,0.00260692875741449,0.0686116746582892,0.061248657419518,0.186681052509779,0.0471872968410513
big_ben,0.154274937836806,0.781133238163302,0.0391187251649749,0.105322655807293,0.0128279832714881,0.00619939899092557,0.000204942636079335,0.00109705393831454,0.00103195189892159,0.00271830002111676,0.0387659991523246,0.244839992813926,0.651632320072318,0.0520709008490459,0.125974048654607,0.0160832162621996,0.00540870345928746,0.000387133992152618,0.000657519836019161,0.00141492797645785,0.00770375251004319,0.0365230838619161,0.287235151813691,0.71034722840978,0.0656832894729826,0.0233176732490213,0.0161107535563456,0.0016155271520418,7.61378454823434e-05,0.000812708282471653,0.000260456201773663,0.000485638043124777,0.0367508670368878,0.233699135931068,0.559026514199059,0.0824193897154358,0.155593868913079,0.00877962903613972,0.0381984847921978,0.00814387553361848,0.00269642255158186,0.00447705930282899,0.0207326986317261,0.0289281936795758,0.262906113972093,0.211350241165898,0.190627038091165,0.23866909051521,0.00762256105191547,0.0886959346315377,0.00328655977531752,0.00200861423210992,0.0197016321912653,0.0353983462553915,0.0824289547107983,0.342197442775901,0.570166436954799,0.0575532178218342,0.126242873510711,0.0048172142036726,0.0170338555043687,0.00072144491529873,0.00385695111571029,0.00271010765922225,0.00345109815300193,0.0139444870206271,0.453507765376024,0.318796692900933,0.145590161944583,0.0597966358944875,0.0344714098702873,0.0322309808318885,0.00384056515122732,0.0139295782393005,0.00345834212335473,0.023805896702143,0.0532675080373323,0.383296639916112,0.0632911573681292,0.213336200931425,0.17830049243759,0.0212106152519513,0.121269274446113,0.00995008975778968,0.0252273544448538,0.0162548304496287,0.0131851529406039,0.0973734179614652,0.477920413192783,0.25717000369469,0.154691847131087,0.104874183393023,0.0198231699773709,0.0267106740022713,0.00326130792094333,0.00599738435675444,0.00489379815238191,0.0180101594107725,0.0693422717809986
bok_tower_gardens,0.147201786852453,0.381276800817065,0.179737602082491,0.418199594179714,0.355643325712048,0,0.0165919601700445,0.00793230182690741,6.37036657811063e-05,0.0348842494302604,0.00563860194151058,0.0360065924782605,0.179008451272662,0.225424618226296,0.461992275486656,0.227997997238857,0.00174969635156411,0.0679750599835099,0.0179021079337752,0.00256748791628379,0.156467273346791,0.170079187070921,0.0346663410645637,0.416693756140766,0.180204695591189,0.375737613449486,0.391419412113143,0,0.02573570015451,0.00546748986357254,9.31194280844679e-06,0.0966457295298695,0.0205910315745661,0.192050287004154,0.197952589388349,0.180866125644866,0.541356457831794,0.221226048364864,0,0.0093518448676908,0.00721445297446974,0.000108203564255885,0.195411220189326,0.00163402392907908,0.107510578323381,0.103165552942822,0.226847910268641,0.562969173033041,0.189995648284975,0.00102301481363662,0.0430082182074384,0.00344999105240271,0.00130915364382791,0.0978156964741155,0.210075693921793,0.135040073628958,0.177291635881598,0.240904803573152,0.347978810956361,0.184929581524187,8.79399911477625e-06,0.0251197583543131,0.00479630107310518,6.94077281648692e-05,0.420763403709304,0.0102681644130079,0.23336315529717,0.154602228431765,0.0215896565136103,0.563893265164897,0.466476925761301,4.23647165311685e-06,0.00625907413660523,0.00190910847813194,0.000982488875289187,0.0928941047378437,0.00519612125866988,0.16875613920043,0.106086004999537,0.125742078521594,0.463749865819813,0.382454577340068,0.000736806146919229,0.0351828857476914,0.00405119245558712,0.00489868965575275,0.113997825416916,0.141514798344878,0.305765435388507,0.0673305255184091,0.0457402653219104,0.3262564164877,0.328434476675767,0.000300953986647313,0.0220513942624419,0.00235029226855871,0.00042448743548123,0.425143892241985,0.0233724741173146
brandenburg_gate,0.0424036420312051,0.421219505996402,0.187167920905953,0.0126329350224086,0.00268788660598102,0.00670324359625353,0.00690136638242422,0.00020356518275323,0.000838332483650006,0.400045637494751,0.00366378595951894,0.224402005507256,0.470682832826041,0.0661010875680175,0.0610728756431357,0.0463068193705043,0.0154875499914288,0.00614512048089644,0.000650031326442094,0.00123312456797197,0.172584415042283,0.0198016569985734,0.200715000431497,0.539927856083848,0.043917401591175,0.120713117920945,0.0265200204136145,0.00612273457013846,0.00270829708602128,0.000270702504599977,0.000392501297168967,0.139394757468971,0.00378571185533256,0.103762931975145,0.244228594010735,0.313284170864341,0.163070467012565,0.0479244207205182,0.0140372699568635,0.0494315943638346,0.00322379566682819,0.00106883908584621,0.113129012338019,0.03130692547395,0.172949337498639,0.158497480044384,0.300527151619134,0.178201307817786,0.0690435352262578,0.0435594192805308,0.0080820953537715,0.00389006626885506,0.0055188788610949,0.0935705931126042,0.0506282357822167,0.171381901151161,0.1774317946056,0.30359431693801,0.206586209306793,0.0816516710637309,0.0242017380449332,0.00555652955886628,0.00231745414104641,0.00320275679595347,0.0604147494939985,0.0481289889755854,0.183793721476296,0.0264693416534927,0.381428682935125,0.276778752709792,0.0626860264629558,0.0132672177953357,0.0331761891803756,0.00827192314164729,0.00533822793300924,0.078522183744956,0.0147357644518129,0.259985797185042,0.0950790555473855,0.277020531131164,0.276920297608134,0.0441610682381557,0.0149329215070109,0.0232377437044031,0.0123066672118539,0.00693946763127077,0.0647531833348171,0.00913089157003497,0.235524127855965,0.0289056921199288,0.333465977181061,0.135416792890102,0.221674321010722,0.0148292606122253,0.0228563621429939,0.00537482972502353,0.00232592307479813,0.0461381957657532,0.037956331944678
cabrillo,0,0.572141392745168,0,0.0115819341947729,0,0,0.00206265491296844,0.0233019636657764,0,0.391438793610879,0,0,0.713972446856093,0,0.016324711620745,3.45686e-06,0,0.000761236577977833,0.0322447480866788,0,0.237219824136432,0,1.2099e-05,0.475780755540829,0.002248685,0.0594402262259897,0.000490874,0,0.00186447040288383,0.0152812157788654,0,0.445403385465109,5.1853e-06,0,0.701018471431946,0,0.100310526674061,0,0,0.0260119145340899,0.125623656086203,0,0.0475619351557839,0,1.2099e-05,0.8730695,0.00829125,0.0536036303791589,1.03706e-05,0,0.0081841,0.000647451746373185,0,0.056696,1.2099e-05,6.9137e-05,0.531263350767007,0.0064799,0.146920441094031,0.0002437085,0,0.029055873357372,0.138283531049604,0,0.148146462666725,6.3952e-05,0.01848035,0.350852448778115,0.054003,0.303903929093406,0.01767665,0,0.0460634339773442,0.175375447910542,4.321075e-05,0.0341286897018864,0,0.0156665,0.563337365504511,0.0339256,0.264964057942956,0.0010578,0,0.024484013360255,0.0215035657418604,5.1853e-05,0.0754698212219255,6.56805e-05,0.001885715,0.347537338970597,0.01180515,0.34563498024722,0.00068446,0,0.0299649596369381,0.142265110044327,7.77795e-05,0.120575784877691,9.50635e-05
casa_batllo,0.112476643659531,0.422779747639967,0.128291110089669,0.312804219666988,0.0184102960424058,0.0409652744601402,0.0490508932454966,0.0169287029224876,0.00458225532623625,0.252033502025336,0.00231503766449513,0.136913606106273,0.48729691450138,0.0916411880247309,0.350373295715839,0.03270645745402,0.0020336241410649,0.01396563739984,0.0155384656894189,0.00018635700761452,0.229295941948502,0.00068584716280141,0.176236803955531,0.506781223045112,0.152962678123008,0.398008282147774,0.00785116100851862,0.000251759483019186,0.0151550380464759,0.0138416051833379,0.000626845966931963,0.0886808189935254,0.000241042262579334,0.201557780320186,0.381256606040679,0.239384137033859,0.253716877504361,0.0630888084464433,0.104619178989998,0.0299089627139988,0.0277478731033583,0.00846970349891973,0.0389244839844271,0.0119633548626676,0.193281667300849,0.408618498013394,0.169783309318037,0.332834739357506,0.0827759839216855,0.0501239024090699,0.0154884700030617,0.026902292713349,0.0014567742666023,0.0739938284392449,0.00537752126756884,0.219821448114733,0.527786582796929,0.238341163986523,0.260728996987078,0.0175111787521115,0.00279717841648646,0.00948666996584173,0.01806330368669,0.00499135422801711,0.0530040457012624,0.00810529479063878,0.289795440234877,0.394258360672726,0.211964012342089,0.247224855744445,0.010864549278195,0.149959193533328,0.0165469644721772,0.0150498507587013,0.00463768261861104,0.0130195683009262,0.00731715055765216,0.406826420571652,0.335825474231592,0.220326610347258,0.267506622778088,0.0148240929027663,0.073283868508758,0.00863908636395308,0.00782608827133565,0.00490298543147473,0.0176969333050653,0.00297887226649592,0.378395744269237,0.494429530345587,0.0690421721744443,0.285521290669243,0.0229316514063358,0.066359360217214,0.00244793620959751,0.0174125084690003,0.00299846136401698,0.00184986418012179,0.01924873312638
casa_rosada,0.198335905105772,0.607817355671583,0.259508361743284,0.0372536518727935,0.0703751856966468,0.00123141282251352,0.0143475533061009,0.00807357346571103,0.000923161322806961,0.1569019644547,0.0309319207639114,0.155649951693266,0.582657634947431,0.30954502293656,0.067201324066628,0.0318394029067045,0.00223598656988572,0.0665735423472594,0.0100750756959835,0.0135384948946879,0.0582573931902557,0.0881258066885447,0.249390928432396,0.447352160277074,0.351804208317699,0.087840043775633,0.0121999539518243,0.0176481174561161,0.060956801096723,0.0116814233474807,0.0616646833699315,0.0441877024412577,0.040973640371127,0.235702410470708,0.160544723409609,0.548359941150116,0.125474664668691,0.0706814807987334,0.00370246943813459,0.0932616798960948,0.0439338360109279,0.0155031604229406,0.0491485649027571,0.0393871437514424,0.134846900185141,0.0608612478897504,0.557401232492465,0.105552790053568,0.113244185034625,0.0167024412934896,0.117275535512022,0.0231124124731227,0.0732555406970916,0.0900316325221975,0.0934157230788942,0.248836600651571,0.0360030508388677,0.539592888254837,0.123731487956915,0.0524431065563705,0.00962542286513872,0.111650258216761,0.0150778912592062,0.0598589183895703,0.108924690733869,0.0799558333549431,0.347527649378624,0.0312443312501797,0.5282555620805,0.253332022985098,0.0622665039517129,0.00254615276841169,0.0172004063378803,0.0630439821760845,0.00360184195538099,0.0417175063690285,0.0349638931328304,0.23439343156892,0.0106841931995906,0.513763052131131,0.276135628145602,0.088660434719326,0.00477648298128099,0.0301617053365163,0.0839075494773845,0.00919126972537773,0.0775328307458363,0.0564933811953051,0.256550680142229,0.00799379583213394,0.468418542241046,0.240470434009885,0.115037876482546,0.00410546942510086,0.0273762337741944,0.0346446284381128,0.024465438715909,0.13426327630511,0.0723737874816681
castillo_de_san_marcos,0.051727565465768,0.663506274406126,0.0269319372500072,0.0772993145055514,0.0444087623281471,8.6287534105585e-06,0.0177177514252031,0.0289143036241806,0.000721937322960805,0.263283489398533,0.0182363707885553,0.0688578853402776,0.627735310432941,0.0251595126516228,0.0381672265741654,0.0283956868041951,2.01337459832198e-05,0.0162824508241921,0.0554674014373293,0.00104311808121395,0.303431375726045,0.028195866196538,0.12594438977744,0.476822279815796,0.0245467565713081,0.0802101774598075,0.220316138687052,5.94159956526141e-06,0.00438950183270082,0.0118660348396941,0.000265668305469115,0.228881015883446,0.0195084883826426,0.408164124316027,0.154602722007731,0.0590183930370282,0.216567182926044,0.188529588617341,3.3650781619904e-05,0.0166134568470874,0.0298572391197973,0.00121556437466052,0.0967515684330041,0.0214027737068144,0.290058782759689,0.113876103663249,0.018737776489881,0.309170253022652,0.0980588307065532,8.6635386358233e-06,0.0174980247607374,0.0557946246882937,0.000907001329415315,0.276118109045703,0.0125281203663811,0.298440817017754,0.14447911743519,0.0507868923499358,0.347746430728661,0.118125563229224,0,0.00923872465158495,0.0261698878672786,0.000142679063301259,0.185452686785347,0.0121732325026794,0.240816824404082,0.00982361398232083,0.125989931347368,0.256502951275693,0.384013308702333,0.000409385569587967,0.00910626226059874,0.0101477191104741,0.0042271292365357,0.103487134471956,0.0482321806158971,0.288000243828614,0.00417934260336464,0.17291728754839,0.205449958880891,0.292984828617852,0.000600175669583117,0.0128004526815647,0.0168130100403939,0.00575973349696908,0.142055584356135,0.051195644105482,0.379668423285011,0.00302428549227195,0.0758002944231018,0.270929820414329,0.354258111565494,0,0.00335395224385065,0.00265688630123182,0.000103397551680231,0.0919412704155951,0.0110195232597054
chartres_cathedral,0.418763330872143,0.242530040088342,0.0661708264270465,0.384663131144704,0.0220008951626683,0,0.00417643496974446,0.00369576871710711,3.10625375856705e-05,0.0952496496058879,1.30198820901061e-06,0.416855926110746,0.330096815676795,0.106642073353073,0.292409154706283,0.0219567078817633,0.00149881595519922,0.000952710096450479,0.0088896755841674,0.000243946422803129,0.0564544806754627,0.00128205234515548,0.426144906673331,0.381924188549887,0.0358603195678702,0.246315033926163,0.0219887413273479,0.0180440890156341,0.00586426786379574,0.00338770408300977,0.000415463964883257,0.0960932322496415,0.00124401032206464,0.350100286263645,0.143090496615075,0.181446199377682,0.422460117807808,0.0330561008102609,0.023641307967292,0.00370384019147821,0.0145451433985841,0.00168603911632785,0.0593220870104461,0.00423129368695058,0.236047053140505,0.057460204088268,0.299356634932544,0.419961961089131,0.0585023125600088,0.0676969778710704,0.0224492898997503,0.00532611335019801,0.00251098508838809,0.0234966991121975,0.0444739269437728,0.326957552003669,0.170395092372106,0.134441788152824,0.370040316311558,0.0409702781432083,0.094593610425724,0.00436644233755336,0.00379577142350444,0.00183077188305242,0.0514852906318144,0.0384052402016412,0.279205683815276,0.0168340159480093,0.348427198394041,0.343828257183144,0.0676725228987328,0.0844381805060457,0.0196516480988591,0.0112488152208424,0.0169020254479731,0.037663859677242,0.0114102770354875,0.338140981167622,0.00189232494697765,0.373282764803292,0.305136085149689,0.0169042834776889,0.0819046555825627,0.0296957841881781,0.0028346090451754,0.00760196130194091,0.0582942168449505,0.0215947353473272,0.377274940787865,0.0428827052034875,0.270967476761819,0.344618214366085,0.064472997040119,0.0383498701153934,0.0177523480818588,0.00558325611229595,0.00173631850744273,0.0443545383585118,0.0292896265552288
chichen_itza,0.257607064179704,0.417884153847409,0.0187785546356348,0.0502223036722435,0.0513926308392031,5.02294752921284e-05,0.00819347405034029,0.206608896692785,0.00151399690497963,0.142951382247456,0.00178598475273978,0.167900061860271,0.502717695854659,0.0936112766090014,0.0905536190458452,0.0349741597517473,0.00216133217480816,0.0166014406221912,0.186801194242692,0.00140918636275504,0.0444835967872882,0.0157752931499809,0.193730322417498,0.549589712706188,0.0458790386686261,0.0355864518455484,0.106902862701791,0.00145637695999002,0.0115842059274376,0.183564014562849,0.00098114183891042,0.0163394671570277,0.0113754496898876,0.257078034022965,0.165872440059729,0.0951277003919088,0.191612118751885,0.0185033513623765,0.00395037699336863,0.0710278788653426,0.189162269260824,0.00329640768044056,0.15693727144396,0.00442122459376239,0.186446785477055,0.0358436179140381,0.12718313126854,0.351351211170007,0.0102276936134453,0.0239672029755192,0.122169263586084,0.10370511309531,0.00235466088320372,0.135660380275209,0.0580798998049476,0.179757940400015,0.190144992565868,0.164137897081709,0.136400280151885,0.0828596440859176,0.00248479723096177,0.0496084278374149,0.159788168333355,0.00469265617932618,0.110334559860227,0.0767799344534966,0.0543056210668987,0.0444688499554968,0.221595876759924,0.392014286795958,0.099667351205058,0.00201615010967032,0.101927247354325,0.128531859707677,0.000794371666731292,0.102901080684053,0.00876613923154194,0.0910188384140398,0.0857043430624385,0.183505839188496,0.389947020115567,0.0811008388741828,0.0102926012454514,0.118102611347148,0.0397687481000764,0.00140880577734552,0.121947865827342,0.0341910232648004,0.134969496446029,0.0224554988080344,0.226687900745827,0.234909881523086,0.16027468834945,0.0140516682796475,0.0803794137578451,0.09862066409339,0.002797705377293,0.0512117410818148,0.13063070249113
christ_the_redeemer_rio,0.0206296622156668,0.747236333801215,5.14247367769443e-05,0.0218019310730963,0.00127801152137793,0,0.0015767068727052,0.000407769901943383,0,0.27073896931861,0,0.0419935300366228,0.544849543944981,0.0155870305534189,0.0713502236910248,0.061986512753231,0,0.000949372277074035,0.000385032380594228,2.67468758907274e-05,0.322620244336605,0.00397264812556697,0.0129358484225021,0.567774967760633,0.00435047419542655,0.0596529807835853,0.018745557572729,0,0.00139513191643455,0.00114925930207942,5.49595203448397e-06,0.395153845507664,0.00255713052018528,0.00253126062861373,0.403667808747828,0.00582700104180415,0.184054077353034,0.014167363415841,5.39335272654855e-05,0.00235888590957261,9.36742082091622e-05,0,0.449505571084005,0.00146093419826511,0.0790130552966116,0.262468607290562,0.0596846822390372,0.302139389315,0.173245546180014,5.6772333610718e-06,0.00253549228473095,0.00286262624865704,0.000166471368819467,0.157403587542593,0.0241956029592146,0.0268652755939847,0.415881928229785,0.0238610244535479,0.168883817296404,0.060499897445106,0,0.00190391987357513,0.00192770208976159,1.41930596945924e-05,0.356786893151255,0.00709604863221045,0.171373735990614,0.341994492175483,0.0372566878881547,0.175564628224097,0.0817783620037116,0.00796522237636154,0.00272879183947789,0.00420263342361691,0.00869545031160186,0.231682495831918,0.000478177821316406,0.541247795853039,0.0789649350448632,0.0772517631299548,0.112108017542986,0.224511700640028,0.00612679281305378,0.0022502225796145,0.00318631735613915,0.00493761600613627,0.0123734541825174,0.000761910872609576,0.346921814110169,0.260333354321591,0.0703053854404249,0.104153182055233,0.129017820674374,0.00075989567150528,0.00347972362653861,0.00476030886122428,0.00126712733415314,0.140062390913299,0.0026598109136498
civic_center_san_francisco,0.01043293526903,0.662823669491121,0.00073109044187437,0.0265985924398345,0.000585871734991669,0,0.000689714726128267,0.000341802926013104,1.142858e-06,0.335201545022107,0,0.0322596671533502,0.653531376320134,0.00568150703185282,0.0605172251007221,0.00364797658859495,5.42529663793424e-07,0.000247928251747964,0.00115301900333906,0.000629088086316858,0.275456921828186,0.0042814703983877,0.0254520370193738,0.749286282291291,0.00131148461195645,0.0582088375500424,0.00142130153767914,0,0.00262176920900302,0.00304861430487286,0.00893010681692638,0.187089414650031,3.62889179551143e-05,0.101652131428575,0.270099315092778,0.0237657418662116,0.227362376230591,0.0527804618468828,1.65084184159687e-05,0.00267382267410707,0.00212465413837449,0.000292775967218957,0.355634698346631,0.00100355243170477,0.154060565387321,0.240199140959764,0.00777837538087288,0.276911713703876,0.0506968082603417,1.29786670092829e-06,0.000666031289114964,0.0141992467765432,0.000113103370322774,0.291552812665233,0.00122698654229807,0.106001445615326,0.301314072544682,0.0299423949833753,0.218825848634319,0.0967602370055325,5.19920389106189e-05,0.00648061376644732,0.0044826129719211,0.00229034840295232,0.262313967529225,0.00894275903016994,0.211885432116308,0.0248227066718384,0.057814088997256,0.466988885755643,0.164964167796742,0.000431956036123931,0.0103028642116578,0.00724632767303178,0.00810850135932182,0.0788092355798039,0.00603189157755256,0.188569431322274,0.0435460230148968,0.0552182816229538,0.563358514396279,0.0757294631656076,0.000865491011063295,0.0147129461498501,0.00573383110695706,0.0030907478478921,0.0821648480084071,0.00441655135083397,0.340011175455688,0.0304276399651283,0.0524436032541534,0.417344892764899,0.121956771171909,0.00119851687399228,0.00877905254307436,0.00654607880184542,0.00726058313263398,0.0484146479875194,0.00302324866961374
cn_tower,0.112101804724143,0.63401572068099,0.0772596088458147,0.00865773516747569,0.000454322232490264,0,2.79360657323937e-06,0.0167750737699728,9.89344497980734e-05,0.155037153392967,0,0.058255613592884,0.405245351378928,0.214766390990046,0.0413991570224745,0.00113279882643356,0.0017639744,0.0122598106895551,0.0051129787664443,0.00795615634715455,0.246050818707901,0.0104603175306541,0.0669039193832537,0.568396998148516,0.0231125079025434,0.0024311336818881,0.000411071550589231,3.61920277521114e-07,0.0017138195346992,0.0813491755231772,0.00261541765955033,0.257434146562417,3.47444439040996e-05,0.100483668088662,0.587869713270654,0.158853076929661,0.0483849700311031,0.0152888606941454,2.522288e-05,0.00089819960025964,0.013250747708319,0.00202313641217293,0.0747196918665678,0.002605558894,0.13729037386616,0.229172722764027,0.230529590930128,0.178839927833901,0.0104363252081522,0.00220819960638039,0.0170177641295495,0.00879845066964782,0.0165043147176158,0.149495330249845,0.0241099484020102,0.210071552372472,0.528468075054222,0.0121594139764539,0.031791325784903,0.0142861596379291,0.000601136713866963,0.000376303910983259,0.0100112248635938,0.00244011506618465,0.194169460598731,2.84760634316325e-05,0.177108953879722,0.44495101180938,0.145583442996321,0.0829524161128084,0.0615876813971874,5.4609e-05,0.00638298969596196,0.0173969920542661,0.0259331644670533,0.0386077661747947,0.003844014,0.359618555351623,0.138063286789833,0.0875832446748277,0.287633620607128,0.0404564406911128,0.000439756496980964,0.00613940899410136,0.00829668840454992,0.0017049167482728,0.0384894458401675,0.0359780007174928,0.355960466774424,0.374190660082926,0.0166493380923493,0.100610351856773,0.0151276115603495,0.000280594735215856,0.0114877275660793,0.00329367029065754,0.000719378908897096,0.125772907557779,0.000310028213356126
cologne_cathedral,0.247534867340559,0.148301243200084,0.133221481677702,0.104971659467965,0.0297906660744435,0.0119714263796692,0.0166713709754827,0.0175064023345888,0.00467260771931324,0.424996375151056,0.112402853330326,0.251791203167417,0.0285010970460433,0.140618408536088,0.222897345767374,0.0339750422637901,0.0321958951477446,0.00828149812649145,0.0232652974271966,0.0124040734649409,0.308432185885227,0.189678692122325,0.268257249351227,0.214752798645521,0.125032630579001,0.0918534013902066,0.0422860839934682,0.0113886123082323,0.00447804608471624,0.0151563290501431,0.00378296201130573,0.399150512835561,0.0759019057763682,0.35830723812124,0.0578338672298167,0.192677069467718,0.126813837124042,0.0474510982691183,0.0117647354582218,0.013639271383165,0.0183995145262486,0.00680355583926383,0.212092153725988,0.206258436125414,0.213999633752563,0.039132505845896,0.240332054115048,0.226153043073295,0.0616970394304823,0.0632215602551351,0.0175581243549365,0.0440284170304288,0.0173216039531209,0.13720328258135,0.19139343446016,0.237923292544392,0.064476430695591,0.274115463624153,0.0693484323630296,0.0658960496323381,0.0279510195618144,0.00930304949751117,0.0213529593985474,0.00741086250440331,0.276564268565179,0.197698865181061,0.483347111316372,0.192173342576386,0.216007293455431,0.0815614294282894,0.12685402593372,0.0130057720329666,0.00958717510319163,0.0128270312258428,0.00542226695526757,0.036035401226851,0.0752201292263143,0.377963708455078,0.0395455693298169,0.27173491233127,0.152713899436964,0.14482039308951,0.0285153705862132,0.00921640340646885,0.043437663748005,0.00967956729315491,0.0386630740132077,0.135749672624035,0.364060030849265,0.19631364135429,0.312140388455599,0.0832920145177398,0.11903823416928,0.015231320954827,0.0107347514071595,0.0167939822765689,0.00457968775221753,0.043874609778766,0.085981744302612
colosseum,0.0447596852415971,0.520183801461852,0.42389171157794,0.0326644263729415,0.00117516737868277,0.00238462272412445,0.00618101379237252,0.00712845480140245,5.92490903705515e-05,0.00731623080863269,0.0141338324176908,0.0367797164994179,0.574129433447491,0.414684585544784,0.00122833211335162,0.00152044139568734,0.000685205319355577,0.00286011142648135,5.15599209336123e-05,0.000120741987917436,0.0121937887780259,0.0156241192452651,0.0458562808363965,0.494976750762202,0.435037421583865,0.0163002249825827,0.00693091825700038,0.0003117562038856,0.00546285233631395,0.000156945905472092,0.000463162181730308,0.0340810191958386,0.0203007843930673,0.082476193476111,0.157227334604177,0.609833834253687,0.0925756710133126,0.0128867137273743,0.0258873433018601,0.013631809977137,0.00213232424252254,0.00243497708759768,0.0324442319346349,0.0283477743511107,0.0700067554912102,0.107854503995774,0.659112987042334,0.0860820539149822,0.00410396250793133,0.0171251876972935,0.0277715658282995,0.0181915163178282,0.00314998960421026,0.0332132641233002,0.0332664871737215,0.0629938859549956,0.149845718466579,0.594978131130762,0.105549291488965,0.0124675294994027,0.00565495734820268,0.00534694760175404,0.0150455226358496,0.00222965856210905,0.083995157144786,0.0217714917506516,0.255358197899663,0.0247402254728869,0.417372296622438,0.253317647689888,0.0658902452991464,0.00738776089616014,0.00144306547739857,0.0141767212351461,0.00384324731112933,0.00179733782661344,0.0145512836364341,0.158426982902321,0.0501038656946658,0.442536327700013,0.243314836557314,0.0573348189777454,0.0175479636371669,0.00727252139928878,0.0531190450580162,0.00770020743602995,0.0140052993752232,0.00851603621418747,0.150714212438098,0.0340353413563108,0.504235200640977,0.236641788639438,0.0493280075339429,0.00650807294068225,0.00471017117371592,0.0490767872712648,0.0041838771745649,0.00867719495921224,0.0117672868234952
hearst_castle,0.147690638360553,0.533318328163229,0.150463852015929,0.172850520107274,0.0496927520488845,0.000318805462491371,0.0644912593637098,0.0263106773367659,8.54004894025985e-05,0.0396660943840521,0.00637227553206493,0.104598131682993,0.55271241831082,0.173133128050562,0.162710433780441,0.0382705412448133,1.16815526018522e-05,0.0909371211707106,0.0216619544641192,1.09640994992285e-05,0.0446512681010183,0.00256265517556094,0.23305917618901,0.634437088188426,0.0896090724957465,0.0762800439290822,0.0537462011910848,2.55053232686976e-06,0.0165993043372061,0.0716286535570418,6.3763308171744e-07,0.0150402710581234,0.000857387721937557,0.163455479514235,0.487182843639626,0.117628080159674,0.187195676820086,0.0690556129692596,0.00108351251464467,0.0123293343991127,0.00591118318885257,0.000957657799919001,0.13247971441721,0.0139811187692185,0.180499898253451,0.247449713856017,0.146447762116465,0.248769511008745,0.0555374171583203,0.00092723874253196,0.0219465820091342,0.00395414798281046,0.00373899563306915,0.279203396248212,0.00278596212382277,0.382958716474765,0.362199359912205,0.0528050579745483,0.157255389191208,0.121914207751973,6.67953435262653e-05,0.0172043456067569,0.00685708460281455,0.000156808553976642,0.0843160451626208,0.00552680323974901,0.257679984725393,0.378709942574454,0.151959096771803,0.139430688098089,0.158601296413617,0.00131687896204187,0.0136850541320703,0.00859845499328693,0.00238815426813364,0.0746404820882248,0.00425020996128372,0.198078237069257,0.394243580766741,0.0594263538304432,0.178357016612666,0.167222458424456,0.00101376595986815,0.00567646446852804,0.0056770205557934,0.000657933567519485,0.172318504672141,0.00858880744836035,0.55860999240519,0.264882933825255,0.0301238330356117,0.119291523021029,0.142590522936659,1.68727103915674e-05,0.0103711944200849,0.00515269331633133,0.000208408452595434,0.0496381054785079,0.0103743120563415
la_madeleine,0.101919241279108,0.677484616239358,0.253263371778536,0.0646208764801184,0.0212855193110598,0,3.47007107402399e-05,0.0286237728439702,0.0001957999922659,0.0199032414684328,0.0604204511133922,0.159078646573807,0.498261409817652,0.26703213046612,0.132141344254733,0.0305074949165043,0.00372940930697067,0.00828493972339288,0.0426499378846959,0.000516032744887033,0.0748463253625999,0.0107039999204894,0.154730190994359,0.616773985880186,0.258469031969064,0.075992770478245,0.0208400410268049,0.00066656675836311,0.00222502276042834,0.0616822306240806,0.00105315481774864,0.0322749651006188,0.00304329277251967,0.163227139855126,0.30210532437683,0.380403170057806,0.167392763391145,0.0212054010139848,0.00964998020486055,0.0135119760103136,0.0165064496708157,0.00245278315334374,0.108759265698046,0.0425375780472627,0.287461686297966,0.00373057529033269,0.477897591318882,0.0709138954453675,0.0182579266313683,0.0567789360420892,0.0153114039368054,0.00258513445766562,0.0176855555535322,0.127375767756396,0.149752800150853,0.151665906852366,0.171389846479897,0.507553266890132,0.128986471076108,0.0258386322840242,0.019519919429872,0.0298709327192137,0.0249100733293376,0.00168502291403358,0.113356809140729,0.0529747469573466,0.160461749018117,0.0124490278836352,0.38213415676445,0.199340082850782,0.0340652109521973,0.0193256218582766,0.030178384383666,0.0327797994373646,0.173163278973545,0.162872794983817,0.0209817045828524,0.128401823239075,0.00629672762664929,0.411288567228586,0.170373259264799,0.0297560200524415,0.032566124351576,0.0762020633268824,0.0346719428742829,0.142832766769334,0.152763851908278,0.0425990328285281,0.141352067618346,0.0757708937084645,0.470613937662107,0.139433131579164,0.0590568325461281,0.0326869644272724,0.0520227278457263,0.0488783746362844,0.0660949727757527,0.11173555832112,0.0301061102561432
montezuma_castle,0.270708308485767,0.30164176706922,0.284238607220789,0.151269834821917,0.0296724017911315,0.000370290894571447,0.00663476601595374,0.0267491656676309,0.00198301556334539,0.277058648812378,0.00561737494186323,0.256219031867616,0.120812870328771,0.36004097548879,0.236321932975658,0.00366767375027908,2.93211517708359e-06,0.0245450520354856,0.00420292464202091,0.00264112500286663,0.347334790677067,0.000154923601690736,0.187627589932706,0.0338123111036861,0.453891261935363,0.422884791322153,0.0169905758096987,0.000135310003641347,0.0989150248304623,0.00586255795522395,0.00502045878138727,0.129480217389269,0.00132460963779382,0.224380438910063,0.0849570931462197,0.393071158475323,0.328678941147448,0.0459381010694789,0.0802546003349488,0.0206655410249682,0.0160261185038255,0.00230781673898448,0.148864983511514,0.0108001302065619,0.209486654501651,0.000905452611497797,0.547719360407011,0.371425727874285,0.00250076504335873,0.0598657543645045,0.0685757470469994,0.00756685403164291,0.00248652858481015,0.0817075176952589,0.00370406904735956,0.165846326542075,0.000205370697003077,0.399272272000468,0.340708558394992,0.0663616714770968,0.00274422284345229,0.119376817239672,0.00292867956300025,0.00242226068405595,0.250117234883016,0.00596131496521786,0.213632447813265,0.000358216288842552,0.44192206918538,0.254814948301801,0.0846935271673197,0.0280936729134726,0.0485933119115408,0.0234880219745697,0.00251789387518909,0.228289373834514,0.0295414402487394,0.203222026076798,4.58368878132418e-05,0.411776323660288,0.287688679256573,0.186291808636226,0.0362500426992236,0.0453194793984115,0.00307074829693808,0.00163078489779187,0.164163962971364,0.0164841872244309,0.241725865166684,9.94536272027688e-05,0.376669197753566,0.206702329415448,0.253182489377836,0.000909279179613872,0.0484954142165294,0.00211490622037127,0.00137168476383653,0.207873295561621,0.0168001497124259
neues_museum,0.347171188581525,0.264517522599221,0.161223943244868,0.0439439146523191,0.246446750095666,0.0199497933133514,0.00545319505341338,0.0109593290725295,0.0327420422569473,0.00930844984311029,0.0113721047702092,0.189280645268898,0.401242922199714,0.240707113493516,0.0531370189183622,0.161359947330425,0.00985266865212014,0.000468409798813737,0.000412358332207857,0.00106966065644315,0.00940965776724528,0.0861473520709348,0.239752958546281,0.396852125229933,0.178793897256665,0.036980125242428,0.254866026738266,0.00961473424696915,0.000533735789599625,0.00138250634082141,0.00262932876369944,0.0043186034646289,0.0273642227500439,0.304862889092016,0.0870169276022667,0.266963089360729,0.0404818374752915,0.18713175994136,0.119881843121746,0.0124810524686238,0.00128159090306878,0.0501556154544189,0.0121054984249222,0.0707254160156357,0.128273921769991,0.0500491471227191,0.328313948450677,0.0408721832126052,0.192323971664527,0.237194416656479,0.00617458519343445,0.00340432850334553,0.0402134229671521,0.0156477915569212,0.110619959682109,0.247359269254882,0.143830923942288,0.291240316703499,0.057169112882806,0.190375848573985,0.074870179210793,0.00234943222946939,0.00255861432775294,0.0274522134463614,0.0311153075710508,0.084766838429236,0.293527677241092,3.79770388201633e-05,0.415301388376825,0.0337421073138486,0.190730837611733,0.0764088303940006,0.0160522494213314,0.00153325111380049,0.0747748832400465,0.00327116688753597,0.0477074111407746,0.121516282756093,8.18069386499256e-06,0.536073287023921,0.106192892276199,0.19013990129637,0.0833818455875865,0.0097576611339496,0.000604709322125917,0.0505083237950352,0.00660519328846623,0.0482994866260112,0.217631920357184,0.0272793343785946,0.412725630326741,0.100211209239493,0.158555735292839,0.0501233901629333,0.00337539410188089,0.00110199746641114,0.0290913362885896,0.0156612505235105,0.137331063498795
pont_alexandre_iii,0.0196694323807981,0.623196648179961,0.00207891234142247,0.140701161222453,0.00178423523379904,0.0033865511912052,0.00116907598246536,0.0130448518434126,0.000106330159061206,0.274789596794125,0.00275624763071181,0.0147238593531299,0.647234767269809,0.00115218761645318,0.19373191578892,0.000469362727774408,3.94181654843023e-05,0.000164633261382044,0.0358858934587188,7.88363309686047e-06,0.188326683713935,0.000946036383716546,0.0148214770845734,0.710693663074557,0.00611434972844493,0.202841630704018,0.00134161107508685,0.0139497231997688,0.000385130568612229,0.0336215399646917,0.00682125728890741,0.0872913637678568,0.00480116395410463,0.217365127287717,0.270907658888649,0.0471659649274721,0.172802632975154,0.0546153107448044,0.0289841093415733,0.0288744978432569,0.0757564330358334,0.0361221137038667,0.142307195432858,0.00778163871316804,0.248755543287992,0.223281233625069,0.0517749292856286,0.140706430302674,0.063375117017893,0.0354485854791955,0.048764072060361,0.0761460153969453,0.0279209505707032,0.109300708079958,0.0572093845959686,0.16732855407642,0.308234365769528,0.0523341443865991,0.189953979606825,0.0622760053356071,0.0366610172064076,0.0326298221929104,0.0584963888895811,0.0414377021222358,0.12272199453495,0.010609237636535,0.268666079091324,0.184394782250605,0.0652071438933243,0.276641730601282,0.104220756002088,0.0418553800727429,0.00113232573366074,0.0316543456084081,0.0431995790959055,0.0604505368084387,0.0052600488429952,0.328076000210747,0.19537034158687,0.0480274953944775,0.269400159794993,0.0630662194073967,0.0322644203195044,0.00225916531215822,0.00376617819283177,0.0408674276784363,0.0883349050173738,0.0112507219903545,0.290401455963019,0.206656910182845,0.104123803172362,0.330717067440488,0.0611962782635557,0.0208737220948016,0.0011357289296021,0.00134568468522599,0.0448177650618615,0.0196946511712145,0.00171968177276333
