acropolis_athens,0.693210476442802,0.683816687816285,0.637910083874822,0.657005271385258,0.652589388234324,0.637602290747794,0.50867869355591,0.509095636989835,0.437157113531064,0.698308517411166,0.687453964312542,0.637915431987665,0.654969207629365,0.652445079883134,0.637603376613123,0.296805359125735,0.571525287527959,0.220339107744107,0.698259559621774,0.689121105598409,0.637882754233513,0.657279847345988,0.65550052907521,0.637624485942725,0.33865838758766,0.592855870964366,0.423754796431472,0.666735548404211,0.666992003208989,0.637841097018977,0.662597525015683,0.655359979052467,0.637665064388139,0.813009841720573,0.725356961107754,0.601677148108405,0.663426518420023,0.664701253056571,0.637826739491525,0.661988024289004,0.655498352660073,0.637666403058392,0.850116769281456,0.79816040130845,0.615295618913371,0.668608492905456,0.671750077538883,0.63780625356203,0.663852506853163,0.659877130785141,0.637645041384782,0.77440343019988,0.761494456629969,0.559376388103626,0.665077433520505,0.674533498761422,0.637775992513552,0.660782093627683,0.661053463549847,0.637655893592945,0.862506014857859,0.768143141408258,0.654202457693338,0.669621584051448,0.675128504180417,0.637742480826459,0.666871169654818,0.663961939487626,0.637668025448888,0.832879557960951,0.794060421007334,0.701178840276506,0.677854995565845,0.671858121198604,0.637743846124783,0.666729802439396,0.663102130367781,0.637657224167578,0.757899492461819,0.790229152641929,0.650355904289176
agra_fort,0.35924685514905,0.357886697292978,0.326823906626175,0.34672784135971,0.340677236366252,0.326561878229745,0.328045678285082,0.504358263494269,0.208749071717479,0.367645498556663,0.358257420486533,0.326836090934995,0.349306161035443,0.338795516761918,0.326545755332555,0.30248916534888,0.435471527179908,0.229084979289051,0.358446706189487,0.357760501453318,0.326857807070996,0.347470216569903,0.338621943873223,0.32654561327864,0.264901731239559,0.459458604188914,0.092178775178885,0.363487662073867,0.377851867757133,0.326665454701417,0.342100243616486,0.352196858033039,0.326570987614609,0.46891266349308,0.365647150145461,0.398217076003948,0.366413460150425,0.375351971182179,0.326695429130285,0.343638423225922,0.347472480294669,0.32656850856688,0.609472442436531,0.374528767366877,0.317815348208454,0.370576213547267,0.369041429292145,0.326745745459045,0.340467054583618,0.34778092702386,0.326562785089555,0.634304701590328,0.385749454418358,0.265217325946936,0.367626596670854,0.370378984326665,0.326695347250853,0.33978905441847,0.345503764411986,0.326542953677282,0.410435000412576,0.424035338323232,0.363158394927812,0.3705901546158,0.368668083123932,0.326720449139412,0.339603436708282,0.345135498216241,0.326545298564273,0.52942471982899,0.379618138625381,0.32723526121881,0.369125907419458,0.368483111518768,0.326726693977739,0.340061633992644,0.342592202760957,0.326533353022767,0.580895654088738,0.388271884470295,0.363421486216118
albert_memorial,0.538557274411171,0.539692893203195,0.489816707480016,0.503443615068689,0.504227907552074,0.489592550056383,0.538768936526539,0.489097228663113,0.316795604918865,0.525957886362825,0.536271200432362,0.489774697974718,0.501778094995659,0.51028457267362,0.489612195857615,0.685281324258534,0.564239715083176,0.399827295951951,0.540753575528828,0.540744440142543,0.489811852588944,0.500615954955702,0.504204627103251,0.489585847314581,0.630997534221809,0.454966923411612,0.375147770154707,0.533641029220233,0.533620178449752,0.489816579539474,0.510157465543636,0.507733252645379,0.489619399121069,0.491984497689041,0.487057984181448,0.51982559885279,0.528047502581202,0.531396104396536,0.489807889231407,0.513611672247393,0.511313553983238,0.489637883582921,0.450299195724854,0.559247988894402,0.340251686638107,0.536743513395885,0.530802900961443,0.489814437452352,0.50816714062942,0.506528907643894,0.489615953860082,0.594192035854983,0.526029590789124,0.536873415710988,0.533920276563497,0.52852145753495,0.489774983243497,0.517448306784374,0.510829173426264,0.489642735134655,0.476892127568137,0.568346381589803,0.455677229376627,0.512813372215245,0.528600259516765,0.489777170623363,0.510537981452444,0.515186924195373,0.489640282836503,0.76308382456605,0.560311788821476,0.50635263528901,0.529304088887201,0.53072913634701,0.489758211115148,0.516903699500521,0.512726060821858,0.489648175680932,0.520133829119322,0.530049378558028,0.512478296634591
altes_museum,0.34946607505206,0.367535868992105,0.322929617955138,0.334579060287844,0.342994722649085,0.322755146183112,0.49322781313667,0.251412984656845,0.272119518098147,0.353050082537112,0.361254270610186,0.322938120474428,0.340471101418542,0.343558594204032,0.322773582041693,0.449213476586266,0.290198227422389,0.338549065155905,0.364344655566561,0.373352557397762,0.323054347391766,0.328379128973559,0.333602101082315,0.32276885527472,0.502311797317379,0.270876918421494,0.203384149028752,0.350267095158519,0.347700164585121,0.322937822578078,0.343617951219051,0.340189785969799,0.322784449134048,0.53246448595759,0.387565045643717,0.324395069721625,0.354615168256056,0.344352235938715,0.322892602482575,0.340739893709891,0.338405234955331,0.322783206747377,0.532781332251729,0.416698406478405,0.387647928386278,0.358183907996838,0.356782376013589,0.323011065602158,0.34117642399595,0.338329678434508,0.322800055510727,0.516437182315872,0.324775701491329,0.228067143133369,0.340375607926865,0.347423404126929,0.322964731687501,0.337941523238599,0.333868171277842,0.322726056765423,0.687996835434887,0.42337879038736,0.258719406274798,0.339726951655177,0.350330084455733,0.322977189373534,0.334788900627233,0.333959102101355,0.322742191768389,0.749117918183956,0.366726065377865,0.24303802517104,0.342956246471434,0.351440275074835,0.3229851915492,0.339153349453356,0.335384853717447,0.322788565398643,0.62148443175388,0.327535830962204,0.309561144318921
amiens_cathedral,0.409476187551621,0.401740485377618,0.328851957937058,0.376099988624141,0.366376111056158,0.328589971541749,0.542992630422344,0.35817939346542,0.380097454319929,0.402785783414703,0.399461984992182,0.328882226588774,0.375852603919836,0.367567384931692,0.328575382763944,0.383923906303672,0.401226040154983,0.223668694588174,0.414098309896964,0.403365156675525,0.328824850131609,0.372491925397641,0.372940672563636,0.328567696950969,0.543812347543477,0.451873559859,0.35944093768971,0.398943273896671,0.381433192209732,0.328892389929613,0.376904107589921,0.364685542633142,0.32858987507762,0.37813064580254,0.461184742702494,0.282247275055528,0.397162503312534,0.384328536665428,0.328886291356117,0.379511182462098,0.36227652817908,0.328590727934324,0.422036779698711,0.593268385489991,0.244049640268602,0.403641818276354,0.403505673536154,0.328848281104267,0.390078274011673,0.375990224418854,0.328589913843945,0.49063576650116,0.426418006295147,0.329816589404171,0.410356423700712,0.397339768988903,0.328705904048667,0.382730557142459,0.361994791804091,0.328572374779337,0.412427400327741,0.523303033599194,0.535238879642465,0.404230394649881,0.401379073608502,0.328687637844821,0.387620875353417,0.364175233340211,0.328567247115931,0.429887363218479,0.448574701759568,0.550746637442753,0.402072281965925,0.402179953437139,0.32871536585033,0.388149403037786,0.366774112706768,0.328576506444868,0.541254123423178,0.557053354558749,0.478960382056685
angel_of_the_north,0.688578574803143,0.676309026416284,0.644426054296882,0.653731275291859,0.655711305067885,0.644211151990715,0.549278701875239,0.724231939676881,0.547228194289635,0.680850801287471,0.676969908893775,0.644399383349757,0.662828182068717,0.659605771600246,0.644246123629963,0.476885327101154,0.598550434533906,0.573129310551989,0.676423869909433,0.681927317799182,0.644335540117927,0.666218448401854,0.660636723086393,0.644243150058744,0.623700047661446,0.609306009288101,0.647793427680818,0.677397615097033,0.669251546971161,0.644411526529897,0.665407871406139,0.657641646816513,0.644225548715354,0.601474262249494,0.775957215225094,0.462557417039819,0.668648223265258,0.67513623541231,0.644369775755798,0.668196117235211,0.662613972373007,0.644254715730061,0.720865376581622,0.667940635740958,0.60157710735313,0.673629994491635,0.67786993567001,0.644357868988619,0.666732065916004,0.660150804950266,0.644246297462618,0.512037141483881,0.647917467288291,0.613391500394126,0.675897351711177,0.687158723917108,0.644369527076168,0.653320558972241,0.660211034870532,0.644226066360335,0.629274479273399,0.499282077322306,0.507883179628689,0.67205167266847,0.685290710378467,0.644368880234911,0.658308344801417,0.660529117733513,0.644237098537332,0.775597372437061,0.577053671027099,0.631347727818522,0.668949351933476,0.683085527563258,0.644316166405866,0.657284780049462,0.659256623250093,0.644229542917608,0.839896142769207,0.603201708294781,0.50577437004572
angkor_wat,0.348918243549326,0.323424161348227,0.302999025983035,0.326797113272437,0.316924625002108,0.302693081057587,0.324033837547083,0.415283987944345,0.133318248198164,0.344348475813146,0.325135259844765,0.303000442539669,0.329502870036168,0.3161183608323,0.302699090212194,0.536277968466015,0.365562184790608,0.106746444464497,0.351152261040078,0.327014724861592,0.303012309855263,0.328228030120426,0.316800886170069,0.30267712897921,0.471145733276592,0.320027576084506,0.0966013848674471,0.346353482652067,0.336239209678432,0.302799165030487,0.327842409782722,0.32239156221744,0.302700536837522,0.391459167497186,0.446991920475577,0.373838684088336,0.346862872690305,0.339351324380925,0.30278318979674,0.327723916176183,0.320845440506068,0.302684925391078,0.442466386333486,0.43790588327315,0.404181285258751,0.350330527253198,0.339341426775567,0.302786481235965,0.326286745870855,0.323715873589642,0.302691766325493,0.373750919091476,0.441681719915209,0.35905395113653,0.334147047444222,0.352282837084831,0.302787896843513,0.326920143981069,0.328744108241205,0.302683200806394,0.530070173467935,0.342761260158155,0.341705337757467,0.341790738514834,0.343605387634413,0.302818821349932,0.331839496549826,0.330113273314264,0.302684364151478,0.480828991901603,0.435843941731,0.268028958456778,0.34116932338186,0.348643110787886,0.30279905603806,0.33235155197987,0.332989621870772,0.302683773511133,0.538254678701218,0.42947294145928,0.299702053517046
ara_pacis,0.323159347968293,0.296415584393986,0.266836877224955,0.319064414904705,0.285253354553114,0.26646710022683,0.554063916904107,0.561675065439032,0.253251435689461,0.325161331401396,0.299545405241819,0.266842538797886,0.323022799263032,0.285659663710051,0.266462231114466,0.503192497547197,0.498248482886339,0.247005490101952,0.328885713857515,0.298788532054225,0.266868165671498,0.324563958488092,0.28803826078998,0.266483763544443,0.467595064155721,0.577506354593169,0.245567891766181,0.341871468304889,0.287786860546691,0.266836403974892,0.32570837633442,0.278376259074537,0.266446023826596,0.540117734900518,0.732762687866705,0.18968664972975,0.329904900937531,0.292834349632154,0.266846947824835,0.321415960922134,0.279390379656911,0.266457037709313,0.565393589804924,0.645174388461433,0.11077037809382,0.336490585785389,0.297488405385819,0.266854114164377,0.321542189876686,0.282330719741004,0.266466499321384,0.55782604062025,0.682349911382418,0.156632544383179,0.350040659178845,0.288657704513067,0.266842946648355,0.316248179520762,0.281372870920499,0.266446340515993,0.395908104388458,0.853057265178596,0.133546159239704,0.348182681206864,0.293181983420599,0.266858977916808,0.309518599851817,0.282258917409876,0.266440571309985,0.452222023428849,0.613367576720229,0.141351611480365,0.351337615536064,0.293356635105577,0.266845925396646,0.313752203610715,0.280225680246227,0.266442943232513,0.54109185656691,0.710930581063196,0.0941397823745372
arc_de_triomphe,0.691034129273072,0.691346159812425,0.635133092620028,0.655940791930412,0.651840259476884,0.634808436146526,0.443255317066506,0.588514055577829,0.457043641289678,0.683257736072074,0.681145861888944,0.635131953442566,0.661686102308237,0.658804145144,0.634832077661093,0.568101409496162,0.715303773420869,0.553252989672184,0.68460380340305,0.689780449463121,0.635159626267342,0.658826758675032,0.654546492271499,0.634831370883847,0.542928421494879,0.621501530076038,0.526578166386015,0.679659964588209,0.675346710265313,0.635147260681878,0.658489826709872,0.65036323500041,0.634839317022498,0.550968282380829,0.722441066661347,0.480933659748944,0.664021534738277,0.665627235604525,0.635153568101622,0.658104030646358,0.645923099547045,0.634865597763999,0.61885474310546,0.833248962876757,0.519167695982851,0.68196371446196,0.67617981240559,0.6351856561908,0.660469088694845,0.650430543425795,0.634852208860502,0.557331923018469,0.66224248583848,0.445961235722817,0.677039387294454,0.666313301737686,0.635165332072793,0.659030987115047,0.649147882137978,0.634825535462485,0.576856421034844,0.752220850177146,0.411143562130959,0.669528551698172,0.662580472092597,0.635196778743729,0.664005041430131,0.647446831107466,0.634848690935095,0.68054705456947,0.843428987289168,0.418429150939312,0.675599394096012,0.665677823743734,0.635222148418917,0.664761483049488,0.650062135654573,0.634846116298242,0.645297900281281,0.754670606981222,0.37710080804195
aztec_ruins,0.312589247652175,0.281841245012605,0.253755776186309,0.29079311193295,0.266625692772246,0.253573429573975,0.327578239342921,0.39421226352105,0.29798878878294,0.31386578509439,0.280912708986213,0.253778186324703,0.286154450679114,0.265214414980368,0.253566648023182,0.353480960076007,0.356094122182493,0.237349946362329,0.316767929222969,0.284094816120722,0.253762658713006,0.288330934213605,0.266823045574664,0.253574746268288,0.283578180183977,0.389784015471692,0.27223032920085,0.287097961503362,0.283674248275858,0.253702933726728,0.290890170042495,0.267606369293276,0.253558961797465,0.580609098236104,0.430134388449969,0.220875649636183,0.291142696261055,0.284922141209365,0.253694230101741,0.29311290061717,0.266658625318454,0.25355679145212,0.628908319394107,0.39061092680277,0.261218621766436,0.296411577839484,0.284835038782865,0.253716962732131,0.296827862180714,0.268455896258412,0.253556220600725,0.517489673964888,0.482788102409574,0.136613152209348,0.290131148756881,0.288867355516664,0.253764115178712,0.293807963592175,0.277742209816337,0.25357095857503,0.549380074920121,0.38978148797993,0.182240109129705,0.287469612683919,0.292647820177153,0.253772045907101,0.292311438898486,0.279588825418732,0.253577491363452,0.651993782931393,0.371797484732277,0.226498584987394,0.29408408916112,0.284994450185376,0.253759063260491,0.289653525641466,0.266490989630562,0.253530276132861,0.73067187555507,0.419128572018291,0.236492374903175
berlin_cathedral,0.571332561594128,0.568084435204255,0.532848246995147,0.551404376120831,0.548492029472902,0.532563781260966,0.493923399653704,0.648678144676192,0.485210791899401,0.589125866577971,0.583231098544672,0.53276002915829,0.551747064577553,0.553229774908228,0.532574888814804,0.510936970970687,0.553597177355528,0.588404266322401,0.583726480376763,0.578531452772846,0.532797885651656,0.554322434192187,0.555761674796774,0.532590082788954,0.589678924008317,0.574140212936758,0.436387879571474,0.577471501205416,0.568060408298436,0.532763612937664,0.559666376579433,0.554873388473069,0.532631229431994,0.616988892131174,0.630841180439861,0.580229253926102,0.571694230611994,0.57220358641186,0.532770498785817,0.558419345140361,0.550309547484091,0.532616795629387,0.643487877041796,0.581395422521826,0.585007263661081,0.576756199741166,0.570334897980057,0.532770941441258,0.561534011631136,0.5543037340668,0.532626386610087,0.567228841281029,0.601903205560942,0.565042467215384,0.56877756043063,0.58619995687803,0.532683188603749,0.557502516708963,0.560195338947704,0.532626708716153,0.685550809217184,0.522217177791122,0.651807430035371,0.569582399747632,0.586832272039597,0.532709951711329,0.555866422938437,0.559221237730262,0.532643457319849,0.639607918741156,0.530514408448057,0.621742239427969,0.569061411229364,0.582718095955986,0.532752176366841,0.558837817634665,0.563475625977338,0.532652881316931,0.677169544252715,0.537199780693545,0.560832032342946
big_ben,0.725763571441906,0.711694999018299,0.649315418514247,0.672286246066219,0.668662388156185,0.649047228884942,0.238287122847975,0.723662017856568,0.346150876111904,0.727633930974752,0.70901944454105,0.649275619157934,0.676442952270355,0.674186949441104,0.649072648772211,0.527555880560501,0.670769629148191,0.49354915658659,0.720316181914598,0.714843413957663,0.649261230804829,0.673350152007462,0.673579030727713,0.649049652475657,0.495411771759024,0.68569773732199,0.650333953624262,0.723159978295434,0.701268639967642,0.649272805098908,0.680313242527568,0.67468313855773,0.649079799285659,0.420687522642171,0.852371384352816,0.520875525493859,0.706770717035238,0.700114915296109,0.649247734324381,0.68722422228364,0.682653273537857,0.649098691780024,0.659989356398489,0.825830864500676,0.602290627371774,0.726944966848563,0.694916213543344,0.649253230385257,0.677533877053345,0.674988694204225,0.6490512309987,0.484517639700672,0.758092090201039,0.527186016044063,0.700757146873384,0.699107515865195,0.649185497191574,0.689332637936238,0.683060644012368,0.64910287624337,0.704301386390682,0.788556390542431,0.717290176554083,0.698149380479322,0.700528653692766,0.649208157414514,0.688610160001677,0.685816423450455,0.64910917650651,0.7598847454403,0.81993342434208,0.698802268588251,0.705875671996474,0.699550692104538,0.649174272382495,0.687969602139132,0.683831863155784,0.649092378035995,0.677811338917712,0.802258268703553,0.740017979104364
bok_tower_gardens,0.380777929689266,0.36914503240549,0.302580954810452,0.340634824268859,0.339300562544528,0.302302242547156,0.43307858556452,0.567358090440344,0.287413078380783,0.362465630672337,0.365189314821061,0.302660891876046,0.3547713766438,0.346339879445619,0.302284875043252,0.667206752159726,0.556898953700097,0.241825405115677,0.379334395587454,0.375394178136912,0.302687451509371,0.338555868764694,0.340650682469145,0.30229234238693,0.398427273690946,0.458954083273912,0.196000959644255,0.382472020325008,0.349796923586581,0.302566299761605,0.345789069346293,0.34088997536754,0.302293303097429,0.420864482001394,0.643155470972327,0.325540710334298,0.357810174305012,0.359345199394422,0.302589517176169,0.351050598306159,0.342760020650506,0.30227928585945,0.685965717216703,0.59251725045533,0.259272464087027,0.364524994242564,0.350043085377087,0.302675556473791,0.346203042645927,0.337123548278343,0.302286814655153,0.562577889494958,0.636433211271218,0.176459249840778,0.379193102017116,0.367088205068406,0.302470874885479,0.342772624386719,0.346530477801621,0.302254348530111,0.544233313332486,0.534354385440939,0.46365582776681,0.371772537573725,0.364131040615966,0.302531346841127,0.355487260535736,0.353719287776776,0.302288996288804,0.545094498297889,0.499561429138031,0.358047620236223,0.36544471777025,0.352525262441406,0.302568985625163,0.347527634565094,0.344288631586813,0.302256780275242,0.564862707067417,0.605336561656418,0.381681541822948
brandenburg_gate,0.502359519222637,0.484931814516458,0.442899404754702,0.459100625352657,0.44868659585301,0.442553344760879,0.302789136258831,0.459256201617343,0.244442625074356,0.49832980859942,0.488400768515096,0.442849938819264,0.463883188523653,0.459378173433558,0.442597539524099,0.273267669270817,0.530792118187526,0.253993250911925,0.501144274686273,0.48666543358989,0.442859553402752,0.460759965199767,0.455842523810392,0.442569942580182,0.181139808064482,0.436887039740312,0.129904397214272,0.484183327131524,0.485259850362627,0.442796874356008,0.468773851718828,0.462082339908806,0.442625313939394,0.557980559387058,0.49425982580805,0.406662176554783,0.471249721927766,0.486920706510846,0.442761295545027,0.464941289512027,0.46639390782747,0.442623544041061,0.63167089531078,0.554386385460735,0.467014462853385,0.471860249131843,0.487839005659998,0.442757809914061,0.465247587416796,0.468448703581699,0.442623382813259,0.620806352022647,0.561132956393122,0.451155960170088,0.471908038513435,0.479847350058561,0.442727117831322,0.469084166808069,0.466793337273121,0.442613083659594,0.784570519759988,0.607082172411505,0.434477698477688,0.47604960554042,0.480278039428155,0.442735265367941,0.470674482666839,0.467839374948085,0.442619293550192,0.648725340354424,0.592443777524128,0.433787352629952,0.468694560145986,0.493095444669601,0.442719995013145,0.465685346340096,0.47098372056604,0.442615708076515,0.738622672969095,0.526080158175061,0.471198649797753
cabrillo,0.757661725233593,0.715839455260878,0.678592798731754,0.680136410654278,0.68501410462161,0.67825571045198,0.728663440552911,0.927344477931176,0.473080353735828,0.757042014632065,0.719032954532761,0.678560775674425,0.68215965551396,0.692260310275067,0.678279620401638,0.217271423220859,0.676632728097636,0.62271914315998,0.754383506222719,0.711036527928623,0.678591221666824,0.688322098380895,0.695917537314193,0.678268382831148,0.521727782731334,0.827593105142955,0.474580335871915,0.762594741181459,0.71141750586462,0.678528131557587,0.684769643773418,0.69548882641077,0.678269882031443,0.647865773189237,0.759059953939158,0.66759515574367,0.7517658921372,0.720026888781412,0.67848157308666,0.690317091397165,0.690275687448745,0.678247731165444,0.594355852291062,0.681575768299725,0.630535031539455,0.754099839809611,0.70711088916507,0.678515841260428,0.69700021475007,0.695979744419892,0.678275553559752,0.680918053950278,0.688536211676203,0.639204225744665,0.753693961735736,0.705378433699986,0.678480099277759,0.699588754512546,0.695419994217025,0.678287811650742,0.501491148320579,0.726287734657535,0.670735834859036,0.751410445042268,0.711327413786566,0.678456146436758,0.694056388506285,0.692162925831655,0.678280405981155,0.665914776110726,0.632145677443035,0.817814713580942,0.755288816978352,0.703571856524876,0.678492892551782,0.698133722816918,0.696097339845906,0.678290336560389,0.440101246973992,0.746509180832154,0.716813963185061
casa_batllo,0.595641462598391,0.557872580249197,0.491700631948691,0.536376099627486,0.521266986731685,0.491367134881832,0.213283846768272,0.624860760832501,0.350427188953896,0.592390083278992,0.544915770592031,0.49169465852814,0.535312723281807,0.52136684729631,0.491373972755887,0.413323116212352,0.703898380518918,0.34439387890725,0.591062996809462,0.556707919036826,0.491645272652698,0.532664942933479,0.521515838273107,0.491367084921453,0.343410368099724,0.647475352237203,0.445771452294274,0.582469675238174,0.571778360454549,0.491616205993239,0.533347807607435,0.531102709836978,0.491369790458198,0.496477526987661,0.59764405746196,0.553577764972691,0.581623133091165,0.549986417967036,0.491647672919694,0.534579895539829,0.525780770780246,0.491351554656846,0.539634765998116,0.665617072068194,0.397802840133096,0.584636414456805,0.566800229880712,0.491594946853187,0.531217790378162,0.524046042396703,0.491345678425794,0.423676676854159,0.603707454607552,0.422453010428498,0.58271602408895,0.573194912680359,0.491612351570662,0.534584833835224,0.53257301868121,0.49133767337464,0.571936595105083,0.618016633387661,0.508222947786915,0.578557223364385,0.550971552317015,0.491564219484527,0.545234304940599,0.528172794204373,0.491338144696939,0.553213355877429,0.683093515811428,0.531367975699481,0.593064548136213,0.563348581231556,0.491573705690877,0.538578648973702,0.521493392219265,0.491328780392281,0.421392216265597,0.587218903947695,0.425760646584024
casa_rosada,0.466213163400073,0.461966948363428,0.396758103677938,0.419010512745808,0.416757616926423,0.396435585445389,0.438273021176246,0.456068017504205,0.21695742325663,0.464852701914993,0.46897729413086,0.396719535301847,0.434213133249514,0.420177812962866,0.396445267102629,0.348981519809635,0.272372888376898,0.343616176023336,0.453163429767637,0.469097499521792,0.39668482446686,0.436019094288338,0.428647181324875,0.396459657170819,0.497977283219886,0.372844466279612,0.346997743193977,0.458741470443289,0.452814355211453,0.396619684478096,0.442718781851792,0.424126500805669,0.396456163554653,0.657463888174314,0.45096646107707,0.494511781196318,0.434100433581312,0.456309009867219,0.396633685978221,0.440438645455824,0.42477456681705,0.396447981212479,0.740739271214913,0.445177020583035,0.371387414338533,0.429202228562302,0.454777949986259,0.396615178290035,0.437572320019037,0.425240193838579,0.396452088083816,0.794691899935404,0.424467412513581,0.453444164482882,0.450764846968342,0.444168987479547,0.396566722263242,0.437463530867735,0.420670296077907,0.396432002960826,0.702032445385212,0.496846182871136,0.478750308012317,0.45077992119033,0.443763768951415,0.39659005400605,0.43598887779289,0.42191217934295,0.396439550543544,0.717632843659712,0.510381507732212,0.445987364738354,0.438904174444381,0.448265177924976,0.39659871873179,0.441366259370032,0.426930057950756,0.396460392701756,0.698783083401816,0.480830306629251,0.440754264601885
castillo_de_san_marcos,0.762435383307283,0.745184650491404,0.711105401221394,0.734022116892466,0.729462564437078,0.710784350261012,0.610796627474467,0.752381345275795,0.351722132651979,0.766918952561388,0.751515305469515,0.711105313196072,0.737862327705816,0.734765752927913,0.710797904717524,0.422928214074276,0.782912120469667,0.294368076235385,0.74960266113161,0.762410004008164,0.711058255866808,0.732043629319848,0.734632737483006,0.710788921392303,0.635016913184622,0.699779689879409,0.416074794296031,0.758288984179446,0.75138870052483,0.710923101107634,0.742320886615208,0.738171753898524,0.710823901701487,0.710095783442968,0.769179760389724,0.776462247988309,0.755191337849147,0.74351344765031,0.711002145936345,0.745102398414638,0.743896264367113,0.710848711812319,0.717266899577128,0.782773128220944,0.663089267928764,0.76013193439131,0.744519363289728,0.710964961882591,0.741356981787563,0.738720857563385,0.710835972118047,0.719172799108698,0.819196128431968,0.720441659547079,0.742086326868984,0.753111215534296,0.710930183854844,0.736775101981293,0.738376633515569,0.710818068742802,0.856246159129374,0.762004835992399,0.752968298528793,0.755353139749431,0.767392913694824,0.710920730810306,0.74339917148021,0.74292215268025,0.710831359397084,0.789775345534343,0.665696555810234,0.730900712653439,0.755183983646724,0.77158678847813,0.710845310923049,0.739468830779412,0.734516556492016,0.710797962314415,0.758689531054487,0.660673069952617,0.878957441506673
chartres_cathedral,0.379228027810145,0.379298120417942,0.328113012767006,0.350963816399687,0.354550879557427,0.328003197369671,0.309782886823242,0.381385599089644,0.421728612367142,0.383819310576959,0.380155401324838,0.328113427327355,0.35403741099022,0.358703712727646,0.328026024097057,0.204822844940799,0.422525551528658,0.461677050221098,0.382742269674992,0.396007138349231,0.328100630827105,0.352105694584549,0.358823523239303,0.328008356304817,0.240981300749637,0.292145793563185,0.435048529000992,0.381785559110676,0.3729350338806,0.32814324739403,0.3617665365646,0.356446596045403,0.328049047033673,0.340190594026643,0.45516901139288,0.383365200662563,0.367241015079785,0.368382807767937,0.328179044622253,0.359507191692225,0.355227749220806,0.328079458294851,0.660012449655542,0.468056003986171,0.368808708237912,0.375312657226963,0.384834255721015,0.328143368304184,0.357676405991656,0.363272830452294,0.32806192790438,0.396769778152074,0.36702151890227,0.377188990139258,0.360534913130631,0.369881003560604,0.328177295476115,0.362429494678843,0.350243944048833,0.328067905851161,0.610865157340496,0.460253799234129,0.385867191549092,0.357014846400109,0.364902230666704,0.328223075098581,0.358937412032567,0.347216458486494,0.328076928851221,0.738136142440837,0.447921421055617,0.31404516037667,0.36030592895673,0.369767734237151,0.328155956698449,0.356437440696242,0.353984057573124,0.328080573146939,0.604019364770538,0.471566483695075,0.402247855406963
chichen_itza,0.493056751599983,0.456005863367812,0.417949915097527,0.43495651066263,0.438468771714967,0.41777350731673,0.279452426439023,0.53637859558259,0.457758893130685,0.490271243501111,0.458662513489924,0.417991083288365,0.436135813802053,0.437263075860987,0.417796725216748,0.275193035051332,0.507122902372147,0.356845495947638,0.488049861820406,0.464009223581575,0.417965411528176,0.433422907079485,0.437887590504259,0.417777153495172,0.362944650149388,0.499499946215635,0.502618876368718,0.490251562987711,0.446225667704858,0.417938442406995,0.445786790421654,0.438748515310981,0.417792748859428,0.312499206163979,0.598922290921032,0.393978178976932,0.480920513596534,0.441090520750823,0.417962616644745,0.441499882420986,0.434308824306775,0.417798535417388,0.364494262245838,0.730835077277253,0.414543709075717,0.480526958486292,0.457776847039,0.417944404064507,0.441431114374154,0.442005559897927,0.417791828724704,0.25890728950114,0.567427568986784,0.374345103289909,0.46593836878195,0.445488581094694,0.417961712705761,0.444071620069243,0.431962940049827,0.417769024233109,0.63261969411969,0.558637115981778,0.42544056849302,0.463299726048654,0.444169238704748,0.417968778474244,0.444190581863719,0.433428091273978,0.417776380009693,0.672247193733222,0.521984483160963,0.442498372010711,0.458798584172756,0.455132080160532,0.417935889806314,0.439153505038985,0.438019996605974,0.417779758110432,0.751851794593773,0.609087290329143,0.360558884089362
christ_the_redeemer_rio,0.610605972278194,0.585011834452582,0.548677152324674,0.556053589391752,0.558979171924014,0.548395661597953,0.279074951662846,0.545415903513712,0.463960877960048,0.601397583984357,0.580776338549174,0.548663284417684,0.563147778730521,0.564236877743842,0.548435906579851,0.271399728055185,0.551168984176644,0.497432262599064,0.609042857114546,0.582313185431193,0.548682938409712,0.560068842641993,0.558295144967458,0.548414885601848,0.157890274032189,0.566761718939982,0.323123058063156,0.60933018011587,0.570223453205306,0.548692211070372,0.557657006204577,0.559838443166341,0.548394718137846,0.506481481077955,0.598169383141824,0.580676499248115,0.590513065589452,0.572155443389134,0.548622898656299,0.565332716695514,0.562346854395661,0.548441565820977,0.567152073559647,0.731852799073177,0.502391474615344,0.603845850232624,0.580037998404626,0.548668420719488,0.563550792260182,0.56109362477059,0.548430298360944,0.540061893760646,0.617187321339718,0.543534758837833,0.599455969420295,0.57674412887336,0.54862833411567,0.568744195708714,0.566913311019811,0.548452256445927,0.354127261832538,0.721487126201776,0.373704824491214,0.578430576747705,0.582241166985126,0.548495120005,0.568677706682846,0.570763718426349,0.548447213862359,0.675595778010935,0.673761617026219,0.678413203930199,0.591086665811002,0.577641853361607,0.548586302136701,0.56994102979195,0.567715266719415,0.54847164699255,0.536622685136971,0.645731952560458,0.527486655720339
civic_center_san_francisco,0.570934056774197,0.542483335051753,0.524428344394353,0.533535198541495,0.535292393921968,0.524180228055454,0.287556009861698,0.56839011815774,0.319683467262073,0.569746251531914,0.544075049395038,0.524419926506587,0.533536021385947,0.533955790736535,0.524196008736823,0.394394153774653,0.506753475674186,0.37789229909303,0.571121372472744,0.548958287696173,0.524411638637582,0.529870123258426,0.534433990898888,0.524190520801127,0.350216532442684,0.509425740734164,0.404403215772426,0.558307846432904,0.536437613636385,0.524356056004952,0.544014661123944,0.534901914689199,0.524220302222099,0.472511565374375,0.718433395081927,0.470360677589343,0.554218783905726,0.536615994672034,0.524340146354328,0.541575647631614,0.533760206845076,0.524225247892805,0.550126066335871,0.738684794997424,0.471900841440042,0.557836469651752,0.539426246467468,0.524355405127169,0.542435836053328,0.538359262083974,0.524217966182071,0.499188423670957,0.630508922874294,0.463435751962339,0.551163063968502,0.54176398179248,0.524286938698521,0.546456762410359,0.540099004189291,0.524212269580881,0.59017115500368,0.693311570685628,0.510188556488293,0.551463797540158,0.535423388654242,0.524304115645287,0.546960239599305,0.53737192159466,0.524212532319159,0.570722601414889,0.718173266094533,0.485364450605722,0.553763964379665,0.539823094859395,0.524273998843242,0.545572401251232,0.539691712116671,0.524209487759892,0.575642920729655,0.683934926814452,0.550245175053468
cn_tower,0.758545448072997,0.753957114151503,0.722729968654012,0.734249193410333,0.728728721036283,0.722607345372573,0.673870458890372,0.866587164161583,0.652865544699926,0.747414199240368,0.747110850957892,0.722749314660757,0.736864778980659,0.730583624327404,0.722620714574729,0.688906005176361,0.72945780503917,0.604382991474471,0.76382441951654,0.752210911229822,0.722747327137816,0.729452548367277,0.729882102543593,0.722616306082301,0.673516826680696,0.843484139025203,0.638949458800026,0.752106043620887,0.754592206191256,0.722723070910496,0.735599865527473,0.729955303132004,0.722619305862068,0.39274596434854,0.625330711174529,0.626778515087321,0.744498666879849,0.745834132025621,0.722728087181714,0.739791610765232,0.734693937779808,0.722649428073123,0.741617224082653,0.785484535899358,0.74054147796524,0.761563004067744,0.754860201734035,0.722721910981095,0.729083745054308,0.732655239804684,0.722627400265433,0.325487200915994,0.674879313490181,0.719492485569924,0.746956581686548,0.759566149184182,0.722705616109027,0.736838532789817,0.735454442428295,0.722632284717522,0.688074825166491,0.643464344485408,0.770353591181282,0.750825968770175,0.743629915955702,0.722676870626155,0.739495647044467,0.734962198500029,0.722637687050538,0.727877985202624,0.803900731247138,0.875780731375019,0.761132345174828,0.748377875638991,0.722695125318569,0.732730287156942,0.73217234392462,0.722613600134164,0.47879224086854,0.728396327932794,0.635969204124019
cologne_cathedral,0.259469439786716,0.258570256980198,0.194250077366972,0.244638606844091,0.225727410657061,0.193974434188773,0.381533244904336,0.5448945393686,0.288727395582492,0.246155522215293,0.252468078786329,0.194261271022873,0.237138748741443,0.219407523452541,0.193983707059561,0.4559455492134,0.47791946948033,0.197040949999223,0.258559909220851,0.257258865699231,0.194209858006075,0.241400021030622,0.219417110873978,0.1939775403176,0.37108118769519,0.454144647163288,0.323016716296614,0.240065819003453,0.267403883894393,0.194205987619997,0.242370495693154,0.227458660236764,0.194020166706205,0.535767413351085,0.347437684680552,0.281783193485627,0.245562494869304,0.260478723563816,0.194262325515062,0.243360031073615,0.22799810491425,0.194007206349049,0.517526243383961,0.332159881615479,0.255025695128843,0.236388599024995,0.272113583324325,0.194191354369192,0.240850127282533,0.225845791012102,0.193995911245932,0.564010538047066,0.344546647641822,0.222026090595157,0.246920279506204,0.278347297783952,0.194115364952601,0.241148775839407,0.231107729657312,0.193991240367799,0.48027634629239,0.32728308861629,0.348708098479658,0.24803722427436,0.270499366977318,0.194137907353365,0.25059592658285,0.232681596630867,0.194013868940046,0.442872635845252,0.332589688345111,0.34969506393784,0.246021912691055,0.276325038377834,0.194123286576474,0.243821837709302,0.232567079744207,0.193990040724616,0.466926651694374,0.275333852686404,0.295892335602961
colosseum,0.520885907057565,0.529162149498271,0.490114352640185,0.501497264379896,0.506159693684111,0.489968330484928,0.501155399743316,0.48847608607361,0.375918045680347,0.52184372538071,0.538546936681728,0.490128646749108,0.496037402143801,0.499047792277098,0.489958019879816,0.315915576462314,0.336195213918539,0.47116092998548,0.521538940896498,0.536090984458564,0.490106618245043,0.493254404326745,0.496095442167229,0.489955536910659,0.634189724930962,0.479481136006645,0.477210274123036,0.50674380145908,0.521830244192415,0.490105036938449,0.504521727404489,0.507647705799925,0.489990638103987,0.88743601000669,0.515362682520794,0.480137313019684,0.508254880841857,0.519463505037583,0.490089416264946,0.507521385096031,0.506058778818292,0.489994753732249,0.588320569260511,0.534959214931604,0.471284351427639,0.514445150421316,0.527932869258621,0.490090200520387,0.502849083150439,0.507556488327343,0.489987153852021,0.834594856586446,0.482455143135094,0.441637617248536,0.51067030381037,0.518547927551486,0.490035505935016,0.508189436900601,0.507394664450598,0.489987708217219,0.711616406257469,0.53456372634345,0.510407525375762,0.516522079883568,0.517703278883218,0.490047232883887,0.507293428349433,0.503484119376978,0.489990938528819,0.685128404482385,0.552854500017847,0.568560070145128,0.515088046977831,0.517173165583675,0.490045494972123,0.507205000287873,0.504707653187643,0.489992943414783,0.635922771228379,0.537025777148193,0.522974289572935
hearst_castle,0.716622864021222,0.708749262689373,0.637981808783603,0.675359072969596,0.672264240095251,0.637729804818651,0.531843896865309,0.627321862174749,0.555465922530643,0.722002747207068,0.712440308514574,0.637997864086763,0.675454045281011,0.668829035399676,0.637699710152196,0.382631629446473,0.535758010176392,0.428001671733128,0.726670486684186,0.718941680728492,0.637972724357195,0.662224524275412,0.662736941297592,0.637683715839314,0.289200573920405,0.594679395433555,0.448980065871747,0.702359060388598,0.695052805085378,0.638002879914012,0.674217224301504,0.674551632752411,0.637771387946233,0.596779616017608,0.655162012275439,0.542610455126361,0.692776981560052,0.675907856882679,0.637985840154191,0.680141794744473,0.670305578641356,0.637781461432174,0.713654291672404,0.847525011656566,0.605043761310158,0.708372229644819,0.697261457317877,0.637887367130264,0.677540465941718,0.678526517349636,0.637786529752425,0.603569528914549,0.715187704958158,0.717852980412598,0.701971760416142,0.69714092918366,0.637922297677593,0.670974441691456,0.672858594107252,0.637757447463489,0.640039811627773,0.766588027954817,0.632810395995036,0.707720047551851,0.694592415374872,0.63795398392036,0.666711425611274,0.675260583370759,0.637754168733125,0.535244880572416,0.726497583116958,0.652993541095025,0.71673772536919,0.707269129410571,0.637809201600107,0.668330660353337,0.678233839083587,0.637751851792214,0.480145363355225,0.703305462771832,0.788547489083464
la_madeleine,0.308972627135306,0.313378007292549,0.258021395619913,0.282585886106066,0.277272483703901,0.257857149932799,0.123001003517182,0.157138404664288,0.196267094619799,0.302789654734262,0.294551856116349,0.258023734946642,0.287073248567845,0.275295859833785,0.25789020919741,0.27140367424845,0.289832103673354,0.325191065347725,0.309645141212112,0.303799022476993,0.258013642621419,0.290613254320527,0.273666363475266,0.25784741946867,0.18040412001433,0.223695166241381,0.204482256607844,0.293269860503784,0.300467935153168,0.25802106198491,0.287887001327849,0.285798939553728,0.257889285171926,0.358667146416773,0.30014764088428,0.28375232790942,0.272340549628582,0.300149454175769,0.258029912249555,0.273514328772888,0.279664321922897,0.257913707311689,0.811852592757555,0.318874842512594,0.307464250191765,0.286255134980007,0.298023772142219,0.25802802073878,0.288552835217465,0.281558495444015,0.257901187812644,0.417055238344747,0.339724509190039,0.288501163272939,0.28411109902552,0.302020959439769,0.257998016154834,0.287589520082831,0.282778078646026,0.257895951491093,0.558477591929961,0.423327617052956,0.320148361219518,0.27835871219829,0.298444997955209,0.258035357458027,0.282050851478147,0.283396180569089,0.257913033258099,0.793692943228208,0.432930938859333,0.293264885248016,0.288363038959791,0.300087358693819,0.25802096476546,0.29002494097588,0.286415195713833,0.257906622574544,0.486091974615356,0.385370473188973,0.283745861087475
montezuma_castle,0.38575140413827,0.378067372396389,0.356221754081777,0.370477106323629,0.366927919588356,0.35597243801685,0.327434534696346,0.382582848189424,0.412800702808373,0.376892519257736,0.376189079825511,0.356237758595485,0.371028638408763,0.365275325649877,0.356004717817602,0.363108107309164,0.467269225979175,0.270954607208024,0.371315482931718,0.373542490792161,0.356212724079359,0.376349113646775,0.367577151490476,0.355985349797224,0.486114745539543,0.412377012128211,0.367254506950696,0.37528285811933,0.378074531181482,0.356198624679905,0.37684353688983,0.368117329721031,0.355984972514617,0.569704923834595,0.410361246328994,0.347092231334169,0.36924446895918,0.3785795171292,0.356193294768087,0.375125869974162,0.367351380149602,0.356003795075929,0.634424130770216,0.396912615496671,0.315989748482759,0.37099521196536,0.373426032782802,0.35626136174457,0.3746495496603,0.366491092670517,0.356005291437653,0.578931804738326,0.440837527572694,0.256862391062808,0.374135607020233,0.376638477411512,0.356223938014816,0.375381670302072,0.367439522505104,0.355976939095513,0.577907427614446,0.428995114067848,0.24933714505877,0.366705304827304,0.384422428791909,0.356230356003165,0.367455810578257,0.370309176345107,0.356005421213222,0.680629404183597,0.395384483597148,0.300638103994498,0.366189811112822,0.385210883387965,0.356201659617776,0.364473338140095,0.368350639998017,0.355965975963754,0.712160460032284,0.396559529779453,0.319201091558886
neues_museum,0.340739655596665,0.34236868518264,0.28557319013784,0.313868361537912,0.310432184432016,0.285378647897488,0.46968594275609,0.470490288240469,0.441703364800012,0.337103739855082,0.342499557245209,0.285712845336962,0.299901526589781,0.308865453518335,0.285374061575525,0.471255211532857,0.434073948237609,0.234010664331855,0.340962911507228,0.341000340029732,0.285681423758328,0.298023566808923,0.302673240717401,0.285352233392461,0.50961345500095,0.414745276460466,0.187200730604787,0.32843581373804,0.348902612573061,0.285604237665101,0.31717802352757,0.316129778723705,0.285435198040401,0.614020284633363,0.389986592721131,0.386585615533456,0.321603244914028,0.353861380452498,0.285663819942642,0.310108992350741,0.314730903884635,0.285414079678106,0.796660741599534,0.410376599760047,0.313382635038458,0.326063976160919,0.342392773912575,0.285677284707817,0.310496570200534,0.314354613458734,0.285402302509366,0.661586806620447,0.534116316867331,0.327232503235606,0.320428690428107,0.349047285331629,0.285601197369039,0.31184615873633,0.311715953319568,0.285409471300095,0.694890218998086,0.383592687590975,0.372334892996221,0.317920836868986,0.350588220439241,0.285620246423478,0.307757054861862,0.3135329865948,0.285389653237163,0.797539708325493,0.406041085564226,0.335973531391185,0.315246549805184,0.34773522712672,0.285638444441379,0.304502886907564,0.312303731855596,0.285406419118288,0.768908334960204,0.395763559877872,0.37650817369935
pont_alexandre_iii,0.689701290789067,0.650763233885049,0.61537806191712,0.621745810837476,0.624437263817284,0.615078390678213,0.428335079668907,0.717904659421893,0.470705333470034,0.689141408383458,0.650565680863115,0.615397833152452,0.62011075710959,0.622949165383803,0.615072239034182,0.287916862646913,0.70144447737559,0.284499569451251,0.687159464692441,0.653970640967235,0.615389600555037,0.627159952441556,0.62605958287633,0.615072106373051,0.258221876551512,0.707853917937133,0.274442323651571,0.670002448451032,0.65435157099123,0.615280612988535,0.643360501310666,0.636756432268407,0.615144982195145,0.542211798504447,0.761747255450327,0.590200994877728,0.66637847797758,0.655489054067119,0.615272477774165,0.643981708415251,0.641918817055705,0.6151498256856,0.544723969020984,0.72702726999159,0.605222765053972,0.668520929672412,0.659112443640063,0.615300968091895,0.641753908644859,0.635202676012336,0.615135134588937,0.616051466142016,0.715848114320101,0.618032183044772,0.657757828355566,0.653123766166744,0.615227623923313,0.642063382264519,0.634183295090629,0.615134531764451,0.555494997998764,0.73736712443141,0.667525131882638,0.657883424427242,0.65542115119781,0.61521076973381,0.640363145915211,0.63388604139545,0.615139181024005,0.604847603921801,0.770535662541468,0.669770990846217,0.660919932714928,0.660338052115856,0.615222509644202,0.635354224792786,0.62770870441542,0.615099934275493,0.733323787123299,0.687368879658297,0.705506755034727
