ajanta_caves,0.691398047081822,0.329345257971963,0.243866981052053,0.0803495585011321,0.106490618442947,0.00512535252877485,0.286806179517317,0.0732241434933317,0.0490878396657056,0.264994182655881,0,0.113391717876902,0.0670869087950009,0.304091140365206,0.312493555802923,1
alexanderplatz_berlin,0.284004019613264,0.248423172098027,0.0673211725636517,0.0433334738967995,0.0483947046980641,0.00305652855484749,0.109646095474438,0.0425926858774736,0.0213208306348822,0.0871668350615242,0,0.045579205687449,0.0255776620372378,0.134018986752986,0.195016037451953,1
atomium,0.684378524745616,0.344158686024778,0.212869393428938,0.058765897550152,0.0559260829206962,0.009441168427751,0.206381200626697,0.0902258011173245,0.0477666194177327,0.242198557320303,0,0.0951616758109956,0.0317669006177452,0.278309250674785,0.270142057770002,1
bath_abbey,0.501409841960941,0.167463565573464,0.149727565472731,0.0438296999902171,0.125315381642542,0.00250550788947054,0.175121901727867,0.0559627378563437,0.0439776976235993,0.148112533582067,0,0.116206448746564,0.0372427167829282,0.183328695993186,0.166413339605109,1
bibliotheque_nationale_de_france,0.39478289244016,0.296131684924852,0.13998044996323,0.0545065629396972,0.0770003394340076,0.00365204898352716,0.206531729713,0.0579393132429321,0.0267783596130475,0.171637884633049,0,0.0741463554650762,0.0359379253283038,0.236598379170519,0.254899141457816,1
british_museum_london,0.469548059750701,0.271244345596393,0.148130060882888,0.0648155496846254,0.0923779261720952,0.00861211169064045,0.192365816438865,0.0724985474371331,0.0389318667003943,0.17193987072715,0,0.0935320539500505,0.0431880318648003,0.227808656350301,0.255548544811482,1
brooklyn_bridge,0.384639462507143,0.199528787880506,0.112727293320152,0.0284990540760611,0.156442922847637,0.0058267229649214,0.147198965553302,0.0384889033762843,0.0253690398344407,0.139676733843643,0,0.137336487732501,0.019934319616822,0.208743905994912,0.142165572790802,1
buckingham_palace,0.378652261939605,0.270472776630154,0.11817523354237,0.0524597858998367,0.0642056523875448,0.00361702397184475,0.179539353347019,0.0503090822282062,0.0221876743611819,0.14621043177896,0.000216643466041176,0.0628514012752372,0.0322101931737444,0.196038808844326,0.224749317247789,1
casa_mila,0.583608805812128,0.244895451573226,0.170639207593316,0.0610669726234057,0.0884891667031198,0.00272804718116105,0.185614858315177,0.0769933499499669,0.0622167982114006,0.163975841527997,5.35292759735283e-05,0.0884457711244341,0.0505631279507069,0.211703162852046,0.219325849000777,1
castello_sforzesco,0.655614643502889,0.41348936164909,0.168029756379036,0.0775445055037652,0.110452868938389,0.00445112031532436,0.221331277977699,0.0746393780665129,0.0500067906223482,0.226964019638829,0,0.111536483902435,0.0626862262536768,0.241807027176806,0.348326641145104,1
centre_pompidou,0.529647374690312,0.297322794269032,0.163456797062572,0.0634536324082732,0.123603127095729,0.00601560521907902,0.22028511662387,0.0793871083542656,0.0520432904990264,0.25367479963397,0,0.111222577722867,0.0434415717604556,0.277446609948322,0.238905439474496,1
champs_elysees_paris,0.512020277351372,0.297827330661508,0.165209622441839,0.0642871031932709,0.0840510931073328,0.00551236555249953,0.209476132986556,0.0613898617013898,0.0328747124843339,0.183557869706107,0,0.0869502480971019,0.0434299147073922,0.234064296836226,0.250180855059447,1
charles_bridge_prague,0.556886633396653,0.346793913662116,0.175335200554604,0.0769599675673462,0.0876963033525012,0.00712583440403272,0.230502525968124,0.0699197618310601,0.0373256957282957,0.21158672730077,0,0.0880335942928687,0.0478291385813071,0.235016252237425,0.292581927893082,1
chrysler_building,0.555146140509114,0.320784427461787,0.207194489952826,0.0723984186359962,0.131672617098394,0.00925138233532812,0.263060660215137,0.0641691548866645,0.0273816514706015,0.229102450727373,0,0.126624058892711,0.048863470106393,0.287605069023059,0.270379241049582,1
ciudad_de_las_artes_y_las_ciencias,0.316152109676538,0.253282589065113,0.0982091812499066,0.043722323833459,0.0609558071034029,0.00438372389225344,0.138052988064525,0.0516113846673356,0.026571940677809,0.118403322007194,0,0.0570579100068809,0.0221017356208606,0.17057912259198,0.183472589542503,1
cloud_gate,0.558586327575421,0.249699121112556,0.141274878936211,0.0365533756700987,0.154584699691625,0.00201264536116728,0.200370484980302,0.0479441802354524,0.0296993083796878,0.188716099211137,0,0.134822433738323,0.0275081272620264,0.195360477807899,0.283776649333295,1
coit_tower,0.404170557469764,0.299557666149789,0.138659482388585,0.0632093156875528,0.0628907132819089,0.00598262941635012,0.183212091671004,0.0542483942267653,0.0239838488838939,0.156961311786736,0,0.0632256624549683,0.0344741906198568,0.187821374281853,0.237381605429098,1
columbus_circle,0.543902859831821,0.331578181931871,0.122960921724154,0.0585802429325708,0.0935224500527444,0.0047603884644585,0.177409654616193,0.0632457648245056,0.0346535533940067,0.137028195979276,0,0.0923976807270231,0.0429784165646293,0.174335882156201,0.276819797172133,1
dam_square,0.59390637044025,0.291438951252272,0.153121352945947,0.074499537741908,0.133775422438765,0.00513219276194734,0.209808334180109,0.0707379763286778,0.0410746468784123,0.177514865294537,0,0.129455764027674,0.0540434655100564,0.212982294345298,0.249224047078155,1
doge_s_palace,0.453115988933357,0.288410584856065,0.221268150724681,0.0542368267630712,0.0680957542844246,0.00611545397326287,0.277731385976641,0.052322326565305,0.0240949396279076,0.252133836914158,0,0.0724064990301205,0.0408313945182126,0.301185070499336,0.283592282687529,1
eiffel_tower,0.346335796124388,0.202510642891341,0.15459029414979,0.0422375049840082,0.0539630763762589,0.00759448311854099,0.186255129637314,0.0588113846849602,0.0285684356729504,0.170261615884721,0,0.0570038310929592,0.0284915866534738,0.224364213182162,0.210346734409822,1
el_angel_mexico,0.373550770027551,0.251132922442101,0.126967377565207,0.0440454977368782,0.0598030056302692,0.00309756714402055,0.166033350826067,0.037890788544292,0.0215852650410061,0.148597640612191,0,0.0600766707505868,0.0306839800670769,0.173641077721316,0.209457969493823,1
ellora_caves,0.772950572265516,0.316324735882675,0.280483459717184,0.0766158137747635,0.129165046000408,0.00555223513494458,0.290692300065251,0.0755549509257132,0.0587079915456596,0.281033763422281,0,0.136923962251049,0.0664679441494246,0.320901448728414,0.306960144130061,1
golden_gate_bridge,0.331042547616824,0.195592519740997,0.111863860149185,0.0398292798862197,0.0663813017862137,0.00836936587944839,0.162492215641609,0.0633674335815645,0.0169289004270649,0.135771805877615,0,0.0721345670802712,0.0194020553710534,0.204757356365769,0.178942980634262,1
grand_central_terminal,0.62020188500888,0.374516497426363,0.256165994607134,0.0692375684264596,0.112057348306263,0.00440993982329083,0.3474889267443,0.0677325080579607,0.0417002778776171,0.241254394355405,0,0.105554537600498,0.0493543453213439,0.292079302457504,0.338406422395709,1
grande_arche_paris,0.303478624818743,0.352791101987959,0.0981375669623903,0.0451404582159452,0.0575581734068175,0.00435123676453383,0.176862400988754,0.0406829346607554,0.0135548411654596,0.1413538431005,0,0.0529945024149915,0.0243203046553985,0.199933362529853,0.158211064624535,1
grand_palais,0.628314407891866,0.359494137040213,0.243116705793768,0.067631507440931,0.0866345311611529,0.00533313507614775,0.294479710410463,0.072353440402595,0.0442761540934132,0.266203159543838,0.000572132532250504,0.0946480663306333,0.0547849444891397,0.320797720534578,0.337633439607462,1
guggenheim_museum_bilbao,0.503359869915765,0.314126698040032,0.156047576240366,0.0628927268718136,0.110955005968208,0.0106030969012458,0.230710371980122,0.0721087765876461,0.0323957842197955,0.218214921292658,0,0.112121415608827,0.0438165237738484,0.257766313451456,0.277182443260969,1
hagia_sophia_istanbul,0.627144642228588,0.288684838765962,0.211891814051345,0.0629473296956901,0.100030672211242,0.00417518755351803,0.244575017645675,0.0786696967045066,0.0543077672728779,0.234509332954627,0,0.107158390406863,0.0550182113395941,0.266522758699103,0.287521271231163,1
harrods_london,0.399894023600794,0.268847876895992,0.12989648657057,0.0429826747447173,0.0855853499855564,0.00257757693465294,0.185584052928397,0.0469986906173223,0.0233002412732937,0.150238206214455,0,0.0825932823852644,0.0324575198998293,0.189322111226748,0.210888527763571,1
hermitage_museum_saint_petersburg,0.483467015060829,0.39318299845168,0.14118474869232,0.0745450234188612,0.0687553389092855,0.00486018195852601,0.201017259521491,0.0624360010485242,0.030768222316769,0.18634034926798,0,0.0663777377886039,0.0477374106724856,0.217898141332467,0.324424323713627,1
hms_belfast,0.306936525660783,0.304362898920215,0.101308419743999,0.0467468767563089,0.0446732720289864,0.00472535819487086,0.165084898189348,0.0499343882717483,0.0208094364148361,0.155166378127367,0,0.0443947657783099,0.0236246471412966,0.198740027109427,0.217103740822811,1
holocaust_memorial,0.428172257657691,0.396594210356523,0.119768608252165,0.0681161443529005,0.0756421526509171,0.00687201233249425,0.180495606030297,0.0600966992749143,0.0288079241304271,0.169573323418702,0,0.0746493856776071,0.0378387254317197,0.203723147063803,0.252359422995165,1
hoover_dam,0.625189239119305,0.338794910709746,0.217786782323592,0.077335483333368,0.0908155981214785,0.00436730509523244,0.271937631746531,0.0749755755027464,0.0450497599840149,0.236872776435849,0,0.0969706687932451,0.0604649631767286,0.270541019376449,0.314943156140657,1
houses_of_parliament,0.480012137597361,0.260751315175001,0.129857107910924,0.0477860513577206,0.0955532076073849,0.00232466809722598,0.166656601059057,0.0539120039872542,0.0375365201076835,0.141364086789592,0.000512693515029415,0.0943176097080381,0.0392278053710439,0.166825240863651,0.226348775438055,1
humayun_tomb,0.402988958219456,0.260280868122302,0.110412251735393,0.0615818395429276,0.0607282643534842,0.00590044033045259,0.156849693910933,0.0706164983565567,0.0333446722680367,0.144325487848771,0,0.0686333867569141,0.0427102827804808,0.187579742516284,0.244280248038231,1
iguazu_falls,0.554743425151323,0.302863812976475,0.20242133609483,0.0739522860509949,0.0813809290035864,0.0040783973434739,0.242524361752057,0.0762605628834272,0.0432587714919695,0.20170519840981,0,0.0841371060832316,0.0515354396669444,0.266338938323671,0.268632248120538,1
iolani_palace,0.444692385165812,0.259578418034018,0.149582069633725,0.0641385051563925,0.086030270438416,0.006422643294096,0.226685951993844,0.0660808850406877,0.0289087514454493,0.185330638044514,0,0.0847693524725668,0.0478077903614412,0.241215470915045,0.27705743145381,1
jantar_mantar_jaipur,0.51679435701922,0.298190422602232,0.16157258298165,0.0853172456685025,0.094091073792581,0.00689321113398919,0.219331090325391,0.0804957849668851,0.0392629063544409,0.188375613140594,0,0.0965236244350697,0.0541937864545052,0.236825497864633,0.257006063855798,1
jardin_du_luxembourg,0.444837694975849,0.27666712557077,0.0872493838505103,0.0510740865666908,0.0539921949496604,0.00378352337144825,0.116197843029754,0.0547752370715448,0.0368158100129564,0.10218169044631,0,0.0541273526327005,0.0335886893314997,0.127255600244255,0.221270826655048,1
jokhang,0.460157825126204,0.343455905526151,0.150293259408014,0.0656412825071665,0.0818598856118878,0.0076048357541651,0.218163812803298,0.0644500398523249,0.0298021041899801,0.193938213127029,0,0.0831582702904753,0.0400872263374426,0.244105006172029,0.27155536262568,1
kronborg_castle,0.478179865342809,0.304618188589202,0.117998817974957,0.0674107329996914,0.0501005150306095,0.00369217424191698,0.159437518782769,0.0765608175838965,0.0511862840096038,0.143672996851805,0,0.0521387556883861,0.0473437322063475,0.191770697057227,0.246490695251306,1
lake_titicaca_peru,0.491021776878137,0.386589127746628,0.136397530160662,0.0764494518063884,0.0550539287963182,0.00643207247644947,0.192997612685883,0.0702202617087657,0.0318913723531666,0.188980857138477,0,0.0634442684100204,0.0473164539012987,0.215451611609954,0.328633795282745,1
la_mezquita,0.726061920248068,0.354262498483891,0.288300899250687,0.0659497336292881,0.109148676347806,0.00995149973493598,0.316149131191227,0.0818443321422723,0.0587411639064507,0.336455493924566,0,0.117769541759134,0.0508807082568914,0.354348255182871,0.338875210683744,1
la_rambla_barcelona,0.640228671600044,0.321686152641106,0.189931403641153,0.0674524264115939,0.10270557791989,0.00281760867695658,0.22901619888231,0.0732975935359349,0.0514740902417462,0.190318085743732,0,0.099588407737386,0.0539250412395267,0.227204539894143,0.303894529928283,1
la_sainte_chapelle,0.654133827815679,0.292321195861798,0.29240003269016,0.0555650987058206,0.181217460575248,0.00403776118997721,0.35143758841436,0.0633247957942391,0.0445130472591774,0.335037651414748,0.00174660260000589,0.179147940751977,0.0522903548674983,0.414715748087679,0.255362180796739,1
leaning_tower_of_pisa,0.376509851548759,0.233626761053357,0.13573758922483,0.0470867336368923,0.0707409759405025,0.00401249742346519,0.18397526929208,0.0512638189021734,0.0283252564881321,0.147439452888144,0,0.0672003127957696,0.036804654018222,0.207539162442565,0.221458084445196,1
leicester_square,0.632406404663668,0.376858966276459,0.198485678864935,0.0703755575294684,0.101402373591749,0.0016164011273098,0.255348065268497,0.0699900647594795,0.0450355156727816,0.219220470477442,5.9138022016055e-05,0.103631184358825,0.0571668331804676,0.26687500169331,0.34623000741749,1
liberty_memorial,0.47009529708281,0.210998481543678,0.151280430861388,0.0387717461056381,0.0558000765893588,0.00693635020795631,0.152131529230868,0.0794061541417119,0.0361281448274354,0.128147315754139,0.00221769116416601,0.0679682412291035,0.0176827642443052,0.203888288792023,0.19601711448565,1
lincoln_home,0.458094918910425,0.266327216266247,0.0932211104530231,0.0447242093085284,0.0786332668661999,0.00218619782265409,0.131999908404453,0.0518323501366265,0.0359805940958007,0.108265062927958,0,0.0793691040318296,0.0376408719781815,0.142011804984654,0.218597784806349,1
london_city_hall,0.486941523628447,0.325307638789088,0.117504355879828,0.0559224916092552,0.0651365036410492,0.00381515908134937,0.164755917140432,0.0632522079893965,0.0426502966204816,0.132728368085324,0,0.0673562584477163,0.0395923602280416,0.157251103121855,0.267783474116075,1
louvre_pyramid,0.267514758230681,0.184073917277074,0.0818805838054084,0.0279551273190392,0.0391466850042338,0.00182906704234864,0.0990063441227421,0.0383442456843812,0.0202098589912167,0.0891717720369088,0,0.0439678108208406,0.0182739604750905,0.131334486031595,0.134162901110261,1
machu_picchu,0.637819945513244,0.332554561119383,0.188631256051249,0.0771728168580537,0.074479293619778,0.00446497443774788,0.196595363508556,0.0866935684801394,0.0547828442370798,0.187668311186166,0,0.0790517766782349,0.0491949579555917,0.216804194060121,0.263143044214038,1
marble_arch_london,0.600797843127991,0.411890647737058,0.189667926623228,0.0698087638358691,0.0993156337302311,0.00723823580576196,0.24374877029979,0.0649938234677631,0.0378703919692813,0.221979270929592,0,0.0985010924353526,0.0504734097668269,0.256456550531788,0.344545686714397,1
merlion_singapore,0.384035898958535,0.270366298828732,0.115020422642506,0.0522099334762138,0.0655868285391407,0.00360702974893206,0.171085498790736,0.056006766378371,0.0265828726084236,0.133046830977633,0,0.0610838972903659,0.0319889527793666,0.199336803504701,0.203327116364569,1
metropolitan_museum_of_art_new_york,0.385219928258183,0.263052595829635,0.12835996288637,0.0520429299620881,0.108493789574849,0.00574128273189501,0.215991707202216,0.0544942791500611,0.0254870286977233,0.159262781942149,0,0.0877769593426951,0.0345664455768151,0.243843810320994,0.238096949188194,1
milan_cathedral,0.544771879657917,0.303292741933596,0.202067352190532,0.0604157456036314,0.165260914242446,0.00687172265038875,0.283580279464209,0.0544053137428636,0.0308990287196029,0.248490439392943,0,0.159604462903712,0.0489108196670288,0.278955866252226,0.260579074333983,1
millennium_bridge_london,0.476816007075965,0.348147996660935,0.134056988473478,0.0629016118372151,0.0853571867049346,0.0051699211877558,0.190111068184403,0.0573184375429192,0.0331308589626181,0.172538503065406,0,0.0822375975914325,0.038495241586302,0.21535123561398,0.287751210210004,1
marble_arch_london,0.233309851669194,0.157585063488258,0.0797406190467297,0.0322740672601712,0.0468309430087086,0.00234766248449325,0.118792613270318,0.0305389580146236,0.0163119041265784,0.097066212096545,0,0.0435173198522503,0.0245313587344235,0.13177043959202,0.125025432248802,1
moma_new_york,0.358384528961771,0.292668178329469,0.121144095946281,0.0634260356776799,0.0816870153577603,0.00631952788862393,0.213215890588303,0.062867895911017,0.0251021747401383,0.161018164408289,0,0.0712603269145032,0.0334576218693735,0.23885922386993,0.212771516561319,1
milan_cathedral,0.368070734372527,0.305673985335123,0.0905384229374012,0.0654366507858414,0.0515964230180619,0.00566578277453029,0.14064178822049,0.0625584922835927,0.0304567768709604,0.126990707578208,0,0.0523077006433184,0.036302119954939,0.172346066902851,0.198201486753709,1
moulin_rouge,0.553039697678178,0.236110843589347,0.194887931192139,0.0649012285545604,0.115490818813239,0.0042877135888471,0.24360021249543,0.0745889604454644,0.044628598760351,0.207017853931621,0,0.114388730587871,0.0522719404522444,0.252180524325647,0.237267773580091,1
musee_d_orsay,0.43924554221867,0.337321951351706,0.102365398989891,0.0496745347206357,0.0739074176342016,0.00297030566840045,0.138488833904501,0.0508643199376119,0.0289025544614848,0.115539920392474,0,0.0765851843371534,0.0320479429077259,0.137664985217273,0.236541890881991,1
musee_du_louvre,0.390616908198677,0.32782301313738,0.121308459933102,0.0548840049636292,0.0618048645740908,0.00283083468254098,0.171786343200354,0.0544948863947849,0.0272300987999337,0.146088580349832,0.000137740519021239,0.0605223005302499,0.0326891951905049,0.195753034619778,0.231188805182403,1
national_gallery_london,0.467369243404321,0.310091145695387,0.141928973561247,0.046891777385274,0.100514588882667,0.00257697064001085,0.195429099123853,0.0523571831678612,0.0311510605288078,0.153281940045594,0.000198046514376574,0.0895118532115949,0.03556435052525,0.210952667527217,0.273054217126313,1
national_mall,0.642217255316322,0.375548526792223,0.144955952405565,0.0713772854461877,0.0841457081762094,0.00627660902907592,0.16360970363132,0.0654915193844317,0.0471731152597075,0.165861530908802,0.000533346774911932,0.085946812408393,0.05065896923933,0.177748610777977,0.277479430343618,1
nelson_s_column,0.205707571753013,0.205196298163525,0.0955393810740617,0.0374676552497295,0.0422015611725656,0.00306202106662425,0.165503468897086,0.0364739735351594,0.0106415998419973,0.132642482666697,0,0.0393204462911336,0.0169781374832275,0.191137293832658,0.152846283825514,1
new_york_stock_exchange,0.581359874822004,0.269286871847524,0.255406356905108,0.0710306053173809,0.162096439123247,0.00516875655265873,0.321839456583871,0.0658261616312623,0.0359553095728884,0.218961940081669,0,0.141434166812097,0.053359592391518,0.341086006437471,0.270156516185278,1
notre_dame_de_paris,0.44645709261956,0.224031983157096,0.175537442627676,0.0463199885516307,0.142252139709148,0.00296454666091637,0.258355477633176,0.0519917413624784,0.033442130801099,0.205156914747888,0,0.120134645372374,0.0418923716229915,0.266241733318769,0.186865667703772,1
obelisco,0.239528913945963,0.177049451084274,0.0712804519110851,0.0393910894637527,0.0670282600431453,0.00370461403492213,0.142861368423006,0.0396268394752762,0.0162257750363991,0.0912172709832471,0,0.0533993630028543,0.0227889234840475,0.152627876585365,0.138396787303198,1
piccadilly_circus,0.376249761959254,0.275249946305516,0.126892016535759,0.0433550678771051,0.0664278134404135,0.00350181855803479,0.190712872429409,0.0484121539292875,0.0185939461756407,0.150612503683402,0.000194602438295543,0.0709102509039428,0.0302954358817464,0.20400652142022,0.237005456023953,1
pier_39,0.423602775797871,0.366527227153892,0.101345218664467,0.0524318565409457,0.0609760469583399,0.00322247788347141,0.115470236714015,0.0583111287341141,0.0323713096513975,0.104062462174063,0,0.0581263985431956,0.0308379383707717,0.158700350703677,0.234953816899881,1
pike_place_market,0.624117348342441,0.424345112227718,0.210933189208129,0.0753604703400732,0.114657936762604,0.00857188081672457,0.247098568624965,0.0763247938467863,0.0483900192165094,0.248062261909126,0,0.108492900209586,0.0477953224119003,0.280941652670641,0.296874854107051,1
piccadilly_circus,0.495677691643524,0.227080039572187,0.13219115537563,0.0591050669511683,0.0771125656929021,0.00495523632453907,0.145732906745013,0.0633917466546466,0.0394666309523078,0.124105666705909,1.64906562304429e-05,0.0780269694662284,0.0449195271828354,0.173896282276559,0.218905345182524,1
place_de_la_republique,0.465401083691832,0.327897301314137,0.119834752522367,0.0714477605796444,0.0696015269612215,0.00346389968737159,0.200757775449173,0.0734290404279305,0.0377660031587819,0.153772520042088,0,0.0726743703198718,0.0472141840427353,0.230665821243566,0.295495955473741,1
place_des_vosges,0.412393041820059,0.241109295178691,0.111493876524851,0.0487829024543331,0.0647733192089098,0.00340418940284831,0.146319876717611,0.0474735331974144,0.0282370412640753,0.131251651135801,0.000239092601065512,0.0686702836286855,0.0360974564985626,0.159047996667306,0.201954959505805,1
pont_du_gard,0.600904615734485,0.346834849485722,0.190620572018813,0.0787715945023025,0.0822362250169174,0.0067571821550911,0.233554325883962,0.075505637350657,0.0490638364067692,0.235892372120313,0,0.0881595232209635,0.0563793817428245,0.242605390048898,0.290466493117586,1
ponte_vecchio,0.433101547501608,0.290283642509883,0.0918153834809835,0.0547582180363597,0.0785518998955561,0.00423425997631096,0.144295552423769,0.0620777589602413,0.0408630333304637,0.135218963909461,0,0.0761517334409112,0.0386231880115627,0.154924371672625,0.235498650622296,1
pont_neuf,0.501365084686031,0.339966381333645,0.133851915043997,0.0662149030393373,0.0631082862201627,0.00440892608849874,0.173487168328727,0.0660193030804835,0.0405402553664878,0.166903678168671,0,0.0678692849786577,0.0480328133815729,0.188619443949916,0.303534757788702,1
potala_palace,0.356314549260735,0.246752094325767,0.120225818384811,0.0465959348421993,0.0603570193222778,0.00294430166458773,0.18927327066756,0.0440314802748382,0.0246444353966419,0.142396616072631,0.00043839246519288,0.0536962218615208,0.0338665428865827,0.184284571852094,0.240583536136374,1
prague_castle,0.452378580594728,0.280559230822647,0.150596749453141,0.0585207256783172,0.0788668208719803,0.00257384204045677,0.210775843352534,0.0555175929383809,0.0314327772659685,0.162499225596383,0,0.0756855288553422,0.0403581534195015,0.207748150759691,0.250109250979637,1
puerta_de_alcala,0.20163948926459,0.149706764894057,0.0485978110989221,0.0228999726245296,0.0385558589071179,0.00177713740741416,0.0782604146339476,0.0201070688304453,0.0134188168549932,0.0596281909624799,0,0.0352961754646653,0.0181941700200648,0.0823091472579187,0.124779626644004,1
puerta_del_sol,0.281226328488234,0.196676582336765,0.0924919270587216,0.0393356561719205,0.0536348941648838,0.00335559410069794,0.145542341151617,0.0426469356305078,0.0220872695406133,0.117303086048896,0,0.0499584209589798,0.0253301398646613,0.189475081454808,0.184505612378315,1
rathaus_vienna,0.441825031441182,0.184312769638248,0.140935319994846,0.0445483139902772,0.0936044017428738,0.0011976758779564,0.177614764214973,0.058529208804583,0.0424626370038687,0.136550173118858,0.000367019701244239,0.0885028338023349,0.0379187113528259,0.189857343212701,0.176362059645455,1
red_fort,0.419706450284358,0.262478498307348,0.125568046107015,0.0602011055983901,0.0632468475784454,0.0045530565109959,0.18944331144844,0.05893920752546,0.030566633761202,0.155408784671187,0,0.0662320640196759,0.0420303705190447,0.207144071324113,0.237157764619515,1
red_square_moscow,0.463295580437826,0.27654813436703,0.124197800455586,0.0494650902935036,0.0802750240892908,0.00411444209645272,0.145315374344356,0.0551725974338034,0.0339390160096351,0.137973216176869,0,0.0811936290099615,0.0330704643366475,0.17088043995011,0.228711506951608,1
reims_cathedral,0.672806392611253,0.284719622862684,0.263728449803748,0.0676356671964773,0.131065389992646,0.00440865667791606,0.298525177131621,0.0746305751975968,0.0543507069889291,0.270037993270932,0,0.131339849951468,0.0569460198069312,0.305656972050982,0.271826057234949,1
rialto_bridge,0.461786126154216,0.232715544039508,0.0933057316055925,0.0350740782555472,0.0821163582767508,0.00185083040435948,0.117137159454884,0.0492973658076481,0.0329333353654201,0.100733378438762,0,0.0820600695008876,0.0305350389972504,0.14215422424661,0.22545665590405,1
rijksmuseum_amsterdam,0.56869941907001,0.347328627166886,0.151394004820642,0.066360308167349,0.122683591927659,0.00498655614217349,0.225463657333747,0.0646060675381653,0.037349969445458,0.19878659603251,0,0.102138348667512,0.0440279503883774,0.242502845660284,0.280463832654154,1
rila_monastery,0.556836905144551,0.342303076048464,0.199227918968268,0.0640208599299523,0.0966890553261505,0.00504446636072313,0.246894287480421,0.063074289887899,0.0406266338893394,0.213228550902862,0,0.0937882257335179,0.0518543534492258,0.255829019814004,0.311104358067975,1
roman_forum_rome,0.488722496069968,0.253431597887944,0.105830527678251,0.0496356599988785,0.0992192001144835,0.00453431017171371,0.137706495116498,0.0577717908348671,0.0465548103641965,0.147780703775402,0,0.0968280224813209,0.0428275119062263,0.17147355756742,0.212306969215348,1
royal_albert_hall,0.40153563916084,0.249866330630494,0.0977712255528181,0.0417933408515745,0.0761011021495016,0.00130731175706868,0.137205212289746,0.039667652655743,0.0288391372934209,0.11562930668396,0.000298320211810306,0.0727300325492308,0.0361905780954577,0.147047350737552,0.214616885195447,1
royal_palace_madrid,0.373265087105367,0.237208484726256,0.0866394797816588,0.0443202296226065,0.0693839238968596,0.00247290027706226,0.135638364445192,0.0450295493227942,0.0286803575684424,0.101710702279546,0,0.0645189009371353,0.0334534552252287,0.141675991840485,0.209125665281832,1
sacre_coeur,0.285452230318005,0.197782023122198,0.0976028846905005,0.0417768523343758,0.0577678309187068,0.00343051939446729,0.171523707085003,0.04397762416555,0.0203167490497971,0.1202136394064,0,0.053227185449179,0.0261591466383936,0.1884071194905,0.178898727449331,1
sagrada_familia,0.38024982410311,0.253776318522787,0.142839575614147,0.0458195243978093,0.0695055801318373,0.00358647763096056,0.182879144928513,0.0468054365915247,0.0234247672592157,0.155165352792892,0,0.067242718235855,0.0305789168251465,0.217862214208837,0.200822490550427,1
salisbury_cathedral,0.545112730044426,0.293833867914783,0.235197752826877,0.0544702183361496,0.139103331635999,0.00405113185262865,0.292859731409033,0.0603191639993415,0.0350123065009357,0.264296261584311,0,0.128895009422121,0.0376422620069793,0.328853584888558,0.265589516358475,1
santa_maria_novella,0.64969066487653,0.351034287358651,0.15942431254797,0.0631453349656213,0.125927972115721,0.00322393131620731,0.197026942062793,0.0728268836232181,0.0494590348779619,0.180692681884308,0,0.11663661181712,0.0512428164327827,0.218462471639292,0.355057661414938,1
schonbrunn_palace,0.498785795942375,0.365482770560835,0.12854380722542,0.0605927376515641,0.0840282832244131,0.00404241609629409,0.180411658573811,0.0523951726085194,0.0270396113061775,0.14700543131305,0,0.0752626833433293,0.0358000914842445,0.18176335134632,0.292469620068161,1
seville_cathedral,0.493424889370925,0.260219590557804,0.169734534606393,0.0623784577390416,0.096419664589527,0.0035967396807945,0.230429286174758,0.0650367196188515,0.0397631639597433,0.185464401770994,0,0.0928443021635837,0.0463573304825232,0.234154505269104,0.259419494372259,1
siegessaeule,0.16288572517604,0.135317588107829,0.0516124547308033,0.0308565599675756,0.0350526339497891,0.00326605385129331,0.104966649135562,0.0371902946997133,0.0139464983247614,0.0719493069037457,0,0.0325479781868024,0.0141139565225059,0.124386931128063,0.0874779074125053,1
sony_center_berlin,0.482717106999972,0.228258527664458,0.138837660387341,0.0485674133672406,0.0948399073154413,0.00127963910763938,0.188740767430081,0.0658834050639047,0.0430947722241613,0.139227651671,0.00049437470735127,0.0909626572696752,0.0385087695931215,0.202141462015347,0.22508107100112,1
spanish_steps,0.519076517846202,0.344283520502314,0.124025867572775,0.0535803531538937,0.0796874573093557,0.00364218139841623,0.163934733890193,0.053566848581635,0.0355282364789891,0.148041316144098,0,0.0775938668671533,0.0399423275193761,0.179838820724518,0.292121112988268,1
statue_of_liberty,0.358730565290648,0.183199599727157,0.100604898954677,0.0391398047772553,0.061006030342581,0.0072459855821706,0.124113428784651,0.0464986914295243,0.0241179294355763,0.113776232254868,3.99627341331043e-05,0.0613177064706191,0.0240091791084182,0.157083985265053,0.148627585812516,1
st__basil_cathedral,0.32307416396749,0.198405244943681,0.0994337752402007,0.0311771738797762,0.0485126627723534,0.00210933009095063,0.100303399348431,0.0333223126606178,0.0215886610063231,0.0924261259773168,0,0.0452911248617652,0.0211771049222202,0.12558545485147,0.17256492905667,1
stephansdom_vienna,0.489643940449227,0.235319392255563,0.1719588128697,0.0528444995407103,0.119583339608645,0.00371955974666859,0.251330374525694,0.0562401846446507,0.0418408250561942,0.212213496260776,1.11801428679662e-05,0.115063086880879,0.0464351857277054,0.234553940646688,0.224515645122304,1
stonehenge,0.246618681280436,0.205187262538054,0.0840232524331493,0.0437671512507467,0.0427061496231266,0.00405616530099713,0.142410611985633,0.0428315967146396,0.0159106564725987,0.105098317937882,0,0.0427014169311866,0.0238079841935839,0.155966631124417,0.150442641794673,1
st_paul_s_cathedral_london,0.459719842773377,0.269029091498394,0.132671623630722,0.0486263634303135,0.0882916807761971,0.0038529374399417,0.173435645246233,0.0460546193099018,0.0301276154363447,0.145930332099203,0,0.0848792949166945,0.0363377881633473,0.182846740264609,0.239647891883962,1
st_vitus_cathedral,0.522838466029552,0.221387378074814,0.225854299678351,0.0454092792611249,0.184403712916299,0.003219529397167,0.303437254422182,0.0556765290814238,0.0301546394672316,0.246639279630409,0,0.170221763100921,0.0323220915076966,0.312790753714655,0.186924695551197,1
summer_palace_beijing,0.508961922759067,0.300416819484734,0.12544179221421,0.0530400732958455,0.0662544576751669,0.00238443775520656,0.149284382075656,0.0584571616410593,0.0409615010503379,0.13828529993232,0,0.0675858436383768,0.0414335271436494,0.17051928588958,0.249011435861111,1
sydney_harbour_bridge,0.45512811048231,0.294783304845032,0.108648173750921,0.0525346683539292,0.0647718566101697,0.00281693838075444,0.15252987572108,0.0558110653159744,0.0353033257525269,0.132504527631407,1.98541071193447e-05,0.0667133763545587,0.0387394702024516,0.167777829496557,0.244831221425086,1
sydney_opera_house,0.334468106855788,0.226996981334637,0.102837203075135,0.0412988603778642,0.0599661302651111,0.00388518230690588,0.139859868263702,0.0429778351285419,0.0208376232968915,0.120366516032736,0,0.0553802818151295,0.0259824668877271,0.156998834093033,0.191823869055004,1
taj_mahal,0.251565107383708,0.204769963575909,0.0690814152329561,0.0355306101945427,0.0391205577128528,0.00451227777243879,0.10159910191053,0.0432428784503747,0.0157122261959139,0.082624594728319,0,0.0443303623987658,0.0196236563565144,0.116016263318945,0.159573109005119,1
templo_de_debod,0.333146873368976,0.295007062716122,0.0998859206899539,0.0476081745636244,0.049390515993498,0.00403100102124228,0.141343007208453,0.0403221488980323,0.0197640471112882,0.125843389840929,0,0.0497432083793524,0.0299353313432322,0.153924161927913,0.184446031316124,1
teotihuacan,0.498393455236911,0.375708909540149,0.118659044894506,0.067500419382187,0.0440980146625837,0.00459602393235925,0.139647432623012,0.0624680639138198,0.0355058099285998,0.143388960502137,0,0.0484905871760963,0.0416849796847435,0.166911385302436,0.294870853215105,1
terracotta_army,0.799029901556476,0.38008363927034,0.346033132504386,0.0989083132977967,0.143646877306592,0.00830542334354115,0.381769213193558,0.0768418304286506,0.0518184607367067,0.353956289331653,0,0.148710070011266,0.0688259895274889,0.377328433336737,0.357977757637507,1
the_blue_mosque,0.305442315032064,0.268638942844853,0.109989846983146,0.0491266727200581,0.0466188612525735,0.00406185870901906,0.171619682254076,0.0466810342349774,0.0177461233992821,0.140579734520481,0,0.0469688709931196,0.0258396084295897,0.187825586398929,0.197078253037312,1
the_great_wall_of_china,0.633323289960867,0.318191439317363,0.167069052091145,0.0850225580077337,0.0984200763063776,0.00541763920544224,0.209750260278457,0.0744361365095357,0.0497684939870097,0.196072820346109,0,0.102134094514245,0.0653562993290596,0.220427650500107,0.275332601446313,1
the_henry_ford,0.355465673691159,0.279026979388224,0.118061124744352,0.0569441956261144,0.053304400938309,0.00589734510507882,0.176146945626415,0.0554731282215294,0.0250859976265737,0.156298657342893,0,0.0435263415449394,0.0323403377864133,0.195500168929277,0.199748950654616,1
topkapi_palace,0.502882860429157,0.277356807569167,0.127647972661276,0.0565853979969505,0.0749896468882542,0.00342973378451179,0.178005661246369,0.059333699649673,0.0394316340761073,0.153107383242403,0,0.0766943270973899,0.044644687511064,0.196212169546281,0.23748784421843,1
tour_montparnasse,0.420159703555314,0.288090525446379,0.118864499555228,0.0670375108466947,0.0785149478726488,0.00557667600772288,0.172807792666316,0.0558651413277753,0.0257099273149657,0.160143971377279,0,0.0776490199592507,0.0386304441761389,0.19395273059195,0.210448033619314,1
tower_bridge_london,0.523443492352172,0.312815502568816,0.113613242523658,0.059573707189526,0.094434770409683,0.00417306406546634,0.148067300156604,0.0573227812333121,0.040480295752885,0.138404246434744,0,0.0952320726927185,0.0494374695313216,0.152740224201485,0.26061257091714,1
tower_of_london,0.518691301457381,0.302638852706476,0.141411384138202,0.0690981495844367,0.0852138604796465,0.00330904374445245,0.202566138628301,0.0648510166750165,0.0430799452840272,0.177012355566967,0,0.0864904411185283,0.0552370566660891,0.205099369494374,0.275897712237656,1
trafalgar_square,0.365213241241433,0.335234229352088,0.108459768245186,0.0522247727804827,0.0496145105750851,0.00370459889724791,0.160894458211576,0.049360597444712,0.0223787024369182,0.146643031917116,0,0.0487120226094631,0.029616417175384,0.1976831260133,0.246008178260898,1
