acropolis_athens,0.231972227824215,0.187100552329729,0.0960356685459929,0.0617384075790364,0.0493969979196847,0.0149333200231162,0.15050459746666,0.0687305180881791,0.0219510332725547,0.140847300140399,0.00562240706499766,0.0597515064777225,0.0371438812839701,0.197559338038016,0.179540558341087,0.94850758957214,0.22860512737368,0.181978375578869,0.0917107296733162,0.0620725072584693,0.0459675871569388,0.012516326891644,0.15631587507858,0.0689593322853378,0.0194273466327634,0.126957666669793,0.0030039326945422,0.0552441522398746,0.0367730108566433,0.183527892157804,0.198636187117278,0.979640694629002,0.248699929445312,0.173391949317783,0.110206754964062,0.062846101261207,0.0577590084409304,0.0162765268232092,0.173821541757951,0.073382217582753,0.0234544802913651,0.138305552436762,0.00893116906110156,0.0672719941511757,0.0390765153451923,0.199941587131084,0.189509416498374,0.868462235939062,0.312155208480975,0.191205538407793,0.177842592825855,0.0546430419375688,0.0674494635084374,0.0161718508557403,0.196484701195382,0.0521397544726029,0.0262109710715158,0.189096167086344,0.00975387416879979,0.0721306046262591,0.0388897592162505,0.266478061255162,0.178881661263544,0.601803523145379,0.352274696082297,0.219619210107258,0.153031241176622,0.0534421802276576,0.0677496122771312,0.0141437739489154,0.205017167758845,0.0480172377124917,0.0301487303795805,0.201970353785397,0.00910047379398648,0.0715670618274534,0.0430876089229759,0.237174869487793,0.203398543871364,0.541594367544808,0.346987491126524,0.220346712624267,0.14293456140906,0.0560981629561336,0.0664798031799182,0.0151850394994669,0.20873110284933,0.0529513660477735,0.029556903855662,0.197651254314145,0.00916449150557915,0.0720029746783805,0.042860055707673,0.212863413303044,0.207451976319371,0.570072056697594,0.373044476442155,0.22615587752929,0.185292190538691,0.0548126050636891,0.056212090384722,0.0161847355286628,0.19825339585639,0.0480714292671927,0.0326842864726717,0.202864610540413,0.0108858323452385,0.0600913600540783,0.0409011521590393,0.24322435471185,0.200480378491478,0.50217694537436,0.370454631733004,0.226652551936558,0.172527584918739,0.0557570605808633,0.0606802383523572,0.0149110029508454,0.213035332857431,0.0470507531708369,0.032273001418953,0.216631754209061,0.0100235354455503,0.064277780125007,0.042790231000162,0.228502595747109,0.20120247540276,0.494564992842899,0.369286153912927,0.252774795343791,0.153241043180126,0.0577801486463879,0.0539079437864676,0.0117950369340768,0.219665943676973,0.0474067533837302,0.0319840851019181,0.213731207409088,0.00744713720705977,0.0582812263279609,0.0452970531410263,0.196256092107467,0.232328173335423,0.500154342883752
agra_fort,0.260162295324753,0.203940448288519,0.126498145685441,0.0552782157154337,0.0655249651089248,0.00953240400166374,0.211327482158118,0.0573164652926643,0.0301288387358811,0.184507820728799,0.00348741351198567,0.065277309169851,0.0368555753290535,0.22087984735457,0.191867011251868,0.817637559496284,0.301814943441304,0.225408137717975,0.109864073439406,0.058172000743972,0.0462057401754044,0.0105231748975334,0.173806089764551,0.0591982270108979,0.0257360337368688,0.133326169887447,0.00450897006996213,0.0468049877810294,0.0315764652427076,0.201266351623295,0.187622985531187,0.924387159226631,0.260811924699065,0.180880744214157,0.130262597631999,0.0509608961865951,0.0542697346511479,0.0134066739220567,0.183400275552716,0.0582418241234333,0.0222772998268081,0.137607392051949,0.00805497981841391,0.0527012288386514,0.0266994920384312,0.22986889812259,0.155126912427739,0.975650613037089,0.337056668520278,0.241098402812747,0.166726395989812,0.050246628683595,0.0810498557513969,0.00873856430864055,0.23289579240539,0.0443601147901593,0.0240066136815706,0.192497088433766,0.00432287959096484,0.0750651717023225,0.0385312419628329,0.232832413487618,0.234487632732294,0.576306827620714,0.374609396246149,0.230940933060588,0.169060874939508,0.0498794208598125,0.0784756434623223,0.0120667570775721,0.215674315818569,0.0466204864955738,0.0276481168619589,0.169772800727926,0.00967887262873787,0.0736822433121356,0.040163186249984,0.216096779410474,0.227435558008598,0.598416859293698,0.363330612265848,0.239305527856712,0.15127190345236,0.0509722414618436,0.0728143907088182,0.010573836654603,0.212429296598122,0.0429396874389363,0.0253614746638892,0.18760559271607,0.00540894188175649,0.0720636703267228,0.037114212576888,0.215918806567211,0.215919894932955,0.63719179783464,0.377754120152872,0.258578246374452,0.152980809237822,0.0580461318637853,0.0589902717118292,0.0129651541415085,0.188202182809566,0.0469710187665548,0.0253062167243181,0.173638320987318,0.00592226445724736,0.0613055466337899,0.0403023835456682,0.216539083985977,0.231736767950938,0.630983181164069,0.385751841999655,0.245824625162129,0.153680181940133,0.057602301649044,0.0671379817305324,0.0157787021181628,0.18722616844685,0.0493019342641517,0.0313355298429042,0.183179304472884,0.00907045576474401,0.0728667787243052,0.0443029467636184,0.209575502556652,0.216032019357406,0.611555145030602,0.382701105976769,0.278840172411372,0.135481977767483,0.0611306558994891,0.0596780158355374,0.0115965879827997,0.193786381870805,0.0502585172663278,0.0322009905891715,0.191690389194163,0.0055313596826789,0.0635774140352841,0.0459925078672259,0.188800571389286,0.238888168641925,0.600066887279427
albert_memorial,0.200278788502018,0.157006802348162,0.117102156010218,0.0505927570162487,0.0434056277850183,0.0142057622332636,0.182577462088906,0.0651003274230922,0.0185722673713325,0.141699314904992,0.00740542742367872,0.0534967777716087,0.029278968393378,0.219848802088421,0.165807817625435,0.781850328213564,0.216022469078522,0.170087451790164,0.12856719119259,0.0454944792764436,0.0401935490627457,0.010434218509658,0.20083173158091,0.053560539838797,0.0163895086353412,0.160156231721521,0.00456406402704276,0.0460503140887894,0.026620223548286,0.22623480511745,0.174701532930286,0.728321908689638,0.198233071571749,0.160489355024334,0.110920959792096,0.0508779194101578,0.0431290431101751,0.0139814325218474,0.186834894367856,0.0647314830472265,0.0175235160216514,0.151871186578111,0.00650058336586777,0.0540011551316803,0.0289605227060379,0.216556992457467,0.17382552896229,0.769791985505944,0.199087138417978,0.141713968326115,0.126367482520285,0.0463004735593396,0.043550849023762,0.0118835280094751,0.179193423631974,0.0576318238184178,0.0170298148511749,0.137652555405715,0.00576388215709715,0.0506321911983531,0.0260336550271845,0.214206551562766,0.142638321605034,0.848543703695018,0.215595115314336,0.148433160656081,0.137366455810136,0.0430570273758283,0.045585081277206,0.011038933153839,0.193488250972569,0.0515715960967117,0.0175040063642743,0.158060025379723,0.00508013895754796,0.0482331144084761,0.0262861576183109,0.227398356410926,0.150661495560199,0.768870769404638,0.210100297872249,0.15515122026947,0.113391675695451,0.0476317211527928,0.0423147392014791,0.0133757709607196,0.177614528635234,0.0600082315687061,0.0192662175980741,0.143401846884593,0.00755227335639964,0.0516918958469537,0.0276441910708129,0.210676911127077,0.156096976486952,0.81231112584473,0.258338828714608,0.187427498863013,0.113719898978249,0.0486022331798027,0.0436097427708355,0.0128183364745689,0.166267946511324,0.0532390522755615,0.0192837386368547,0.143630458187632,0.00576166779437832,0.0520393735432413,0.0309498420141224,0.19488073732219,0.173771715446329,0.743889204785387,0.300537549348772,0.220656282410223,0.142240147622529,0.0441113887505521,0.0468763000184467,0.0112880957202134,0.18430106643174,0.042002912183368,0.0198776550868276,0.156202801964907,0.00637745031046244,0.050973043857926,0.0302058364986746,0.198195237194403,0.194249047613073,0.600135203566957,0.241168506076126,0.1802827580002,0.111587192435686,0.049249042386875,0.0415265473138924,0.011368485353299,0.173811542429204,0.0541716258828873,0.0166253398904502,0.14014342422208,0.00417180671926111,0.0493697950805125,0.0291291300179073,0.18954485461782,0.16782175207705,0.78825776525626
altes_museum,0.344638996020024,0.18717294921966,0.156805737817806,0.0502380952213458,0.0812723619836274,0.0168944693293137,0.247111657763557,0.0759872411577253,0.0383448647207203,0.19772334603231,0.0117120204215645,0.103261547024165,0.0489060254919872,0.227380203718291,0.222354434888103,0.872540781392741,0.377750068520687,0.210372768930542,0.18011743440307,0.0485127953277365,0.0770919595338504,0.013017969101159,0.269415549219511,0.0764733300850496,0.0317932004909939,0.172033591884119,0.00993348841425736,0.0875042646871967,0.0418954984546073,0.201307501010019,0.248687287701238,0.836439541761962,0.345468467603657,0.137762572334762,0.202450402899696,0.0542039012020076,0.101330441919808,0.0171332461585266,0.310521764569884,0.0820261297066149,0.0318316389039074,0.188889109166989,0.0124985867386752,0.11172831062923,0.0460249145579046,0.208973685279339,0.195702101014567,0.835800115727439,0.365939180003821,0.171214436898517,0.228387312702565,0.0437967021851713,0.10651203295705,0.0106979921642587,0.299667022601461,0.0636805283619441,0.0247281502657033,0.205618054515023,0.00542066599517872,0.114665053338156,0.0350815040583563,0.270855804677033,0.19532545445361,0.740755398316539,0.380637499322591,0.191365743158017,0.229123763679473,0.0409628717229869,0.107763001092216,0.00718746640931006,0.310567035078599,0.059223264838636,0.0190478329061989,0.210497080324993,0.00534534655487403,0.102753472490608,0.0298133834658655,0.248410323547171,0.215861238913754,0.723787816839867,0.367370209069078,0.175306641529889,0.230717385419632,0.048048755344798,0.102357058535916,0.0105731594678123,0.326770903611076,0.0617762899600589,0.0250762129118393,0.216354699974178,0.00543088263903699,0.0992193767495077,0.0396074227484938,0.246109058075759,0.207921156027378,0.719706693356199,0.463553933381361,0.277284200147096,0.188340408945899,0.0575327333723122,0.0589123231133861,0.0136801988852063,0.184430788391067,0.0634976840957978,0.0329371348535863,0.161932445432057,0.0088402751190897,0.0727500697786038,0.0442616553968017,0.241718179979543,0.268053924169367,0.744619947209617,0.455109493006434,0.294538850422909,0.145286020824657,0.0626354226324263,0.068874466610833,0.0128948155117391,0.186577638287163,0.06898619340942,0.0381960147273058,0.188654496024939,0.00611754138219251,0.083274193034607,0.0485143956585505,0.206643463997934,0.251119152983602,0.764923273472754,0.399061452698152,0.235866882489112,0.180552865007278,0.0603649452910414,0.0792410820412585,0.0138815354951529,0.250548385621855,0.0794586158590432,0.0427668696192247,0.198946781276766,0.00948976538632267,0.0857057985379366,0.0480591219256365,0.206854310144795,0.254018005946115,0.737529284823833
amiens_cathedral,0.329214973181227,0.259483877382894,0.264208591762893,0.0514248328770758,0.0553941769057838,0.0100137128077599,0.350797033326476,0.0550280905614862,0.0228963236681422,0.308169205253426,0.00513925696293997,0.0588801119399728,0.0342592130835717,0.429993980290793,0.258188077987342,0.865627547717743,0.376641362087022,0.306150189406829,0.244626935311803,0.0559327912848285,0.0477228073844496,0.00936935491534627,0.325556278211583,0.0558547565361779,0.0211630016335231,0.291657981902395,0.00352660795868803,0.0534298329299271,0.0344965965444291,0.34951332798948,0.292258833470739,0.890815850185156,0.378270093749287,0.250129738886056,0.247242747868468,0.0575061474893632,0.0524428330674707,0.0139186495950486,0.341170114110771,0.0638911706021554,0.0302542378921824,0.283066957277972,0.00820070927380365,0.0578296490213816,0.0380182759274992,0.382405678124311,0.24688555878612,0.907485408731546,0.333590928511886,0.281110423903623,0.285100716598519,0.0463601599923485,0.0558243154713744,0.00938708280219214,0.345460833030279,0.0400196557564352,0.0175838670320826,0.335580589859622,0.00162409398773426,0.0584472928921854,0.0287432239902247,0.481491199243345,0.232014681532491,0.806379048195917,0.391014275547767,0.242420047188441,0.321465551071367,0.0451740188170679,0.0723037529291475,0.00868006682442912,0.405822529964973,0.0390401538540993,0.0202899946555823,0.36682030437724,0.00592752407096782,0.0750906792313446,0.0347056834003766,0.432817113498799,0.219001245837636,0.678144456280236,0.370307457316313,0.238192859534124,0.288201932794834,0.0526935408253974,0.0643845055244437,0.00713471781634894,0.455314901059722,0.0485550039419207,0.0236387360549395,0.368080135342857,0.00278097857302973,0.0668796841483886,0.0371294019304029,0.36071710416702,0.253521241854403,0.721185090166411,0.420054099385241,0.318119289335707,0.248204020785206,0.0581792314770614,0.0695143190393903,0.0148560017151724,0.295899483114702,0.0552707808410818,0.0298405314488317,0.29212064007903,0.01040276568786,0.0743688002296888,0.0424846333424267,0.387571040076945,0.290124685851251,0.751706479210039,0.445794112110931,0.30043888089338,0.261109939947665,0.0574292801623883,0.0704165375302856,0.0128288393738737,0.350270231543538,0.0536214719157753,0.0316029437547638,0.290222242680475,0.00937344270584256,0.0738281606858636,0.0445392964220307,0.355203569319514,0.293466967209774,0.708572462990267,0.457047353703034,0.298612468225872,0.244845735277176,0.0671437016802506,0.0666409181041185,0.0144369815198381,0.362745001281446,0.062760119487045,0.0345860130155531,0.272959251904185,0.0103756718526331,0.0698755515972287,0.0465866601206853,0.332809939334184,0.299949503062923,0.717345725149976
angel_of_the_north,0.231266183838602,0.166159066641056,0.0973328181532467,0.0632908393638878,0.0493725070604728,0.0118493475128838,0.172508234703608,0.0777138853342816,0.0187641053090337,0.147491438794636,0.000791532214120912,0.0661118941845358,0.0359835065468064,0.222132275818854,0.186133268693728,0.902813818685147,0.24588548416319,0.164940521699753,0.11454805694342,0.0612477555410771,0.0510007134288195,0.0104433103142291,0.197532432153638,0.0736262915195384,0.0194716286310671,0.153077290095037,0.00120524914299093,0.0644512014672246,0.0339636443976983,0.218196736169643,0.188568371166673,0.851555657614027,0.263770173105611,0.171483706996747,0.123138281316632,0.0596447918374946,0.047458298632097,0.00986357861119261,0.202074648204793,0.0682228803709334,0.0201943373720886,0.156054793491899,0.00176087242110211,0.0591688408576411,0.0338223990361796,0.211898174286053,0.188421121887562,0.832738348179484,0.241136867819356,0.16443403293041,0.107699143348863,0.0629404999683795,0.0482162244385611,0.0125112644029999,0.162485882726962,0.0782286656387974,0.0184503320685857,0.145621849076986,0.000561893997175802,0.063485773937233,0.0335520552913396,0.239763160543367,0.163504365019861,0.907122903623783,0.261191784434377,0.147394479241273,0.158041686807678,0.055605614810678,0.0619503041013806,0.0114772981925483,0.21610231021308,0.0690726563451361,0.0203649770850366,0.166763078233864,0.00269192091142447,0.0698236368410711,0.0318278429240629,0.263534628398009,0.158078690893422,0.755793260645476,0.277015471577891,0.166487647549875,0.134949982845632,0.0607235828675117,0.054146277226043,0.011035617240998,0.214057633057042,0.0724588407473309,0.0249141237158046,0.170494012889338,0.00336937266355644,0.0657414164906273,0.0376565716273801,0.219866071125797,0.181904652812021,0.754893389283463,0.2813245932501,0.174973648140191,0.131043490033395,0.0627269320642669,0.0560585093211552,0.0146321401003439,0.181935610777098,0.0711578474850675,0.0247235566641395,0.163342681395202,0.00445923065996756,0.0698932550081209,0.0401785802195769,0.239286913609861,0.173489580272669,0.760488799401874,0.291513342139617,0.19121394517469,0.133567809518157,0.0618444658752535,0.0539219068359147,0.0130886317972005,0.186577290139625,0.0701964816371016,0.0252468578121461,0.159438267272381,0.00419713095671222,0.0662130645648148,0.0381280997644695,0.218759330277339,0.191096327589518,0.744711867090801,0.292296753686536,0.187074911020356,0.144140350650389,0.0616459364300871,0.0537727254754154,0.00993828566081836,0.233245972272944,0.0665868570498884,0.0247866708527802,0.187717096251096,0.00369547666213037,0.0643950161104781,0.0393717092285793,0.212935760582184,0.196957373115262,0.671153731456263
angkor_wat,0.19595239742415,0.201079386478992,0.0476084547293972,0.0336646729325354,0.0194151929007078,0.00778578386879006,0.0768010928054137,0.0461450707450241,0.0148199797578969,0.0662013517962981,0.000780190826157167,0.0274313979811517,0.0173617895905342,0.106375058061068,0.15341331384963,0.953387608773999,0.206648488308725,0.189186425946992,0.0523886797074341,0.0340971904354666,0.0219269672446419,0.00786593031785826,0.083488233797605,0.0465884576283087,0.0153830996834519,0.0690301567013551,0.00170740949188983,0.0286572617225005,0.0180752031846669,0.101208061504518,0.156924025327007,0.935046784169966,0.185524503301331,0.184954357167605,0.0452087128194015,0.0327902072803394,0.0184716112110462,0.00629652674041443,0.0782587060212631,0.0457709413290948,0.0126201414867417,0.0662890408958911,0.000369462147575894,0.0269306385608383,0.0155233414921773,0.111767123628623,0.157512087409863,0.979935473396901,0.299966453548229,0.193317387068042,0.0984997171669018,0.0439893803664414,0.0493510632706575,0.016707419411393,0.124050271445731,0.0482751639168864,0.0307027066080847,0.113798219648792,0.0123677166274955,0.0550882187463041,0.036076534521005,0.136293639072994,0.168748024283466,0.540990332677415,0.319140773568886,0.187837941630867,0.104834064764113,0.04403330568395,0.0587932937634547,0.0153573419663832,0.131796693109658,0.0466676595138943,0.0292682016625253,0.125032458549224,0.0123734220857457,0.0634429763444308,0.0381263652908264,0.136775244110447,0.165740504093774,0.489002946037859,0.300309837106255,0.177438639610117,0.105404127517489,0.0429701307394723,0.0509804734504089,0.0170754191183414,0.130117712716014,0.0471354201419027,0.0310929297452711,0.126330044768538,0.0118449499902866,0.0573556626876716,0.0359309908667659,0.147279795347066,0.160742461671762,0.526214671672005,0.299885161508188,0.199311854154344,0.0955299957848697,0.0458077337194848,0.0427077875391279,0.0137198430293562,0.123081276930828,0.0478293930350809,0.028986716417874,0.115363649931385,0.00995339949089265,0.0471210070774998,0.0356710273005667,0.130630014824197,0.183091488947031,0.549532550392514,0.298747097846569,0.209807600869656,0.0885561300528701,0.0464606616522124,0.0405035392565145,0.0142102904900605,0.112275748588056,0.0497718265984259,0.0291909820032633,0.10715164717728,0.0102673886007448,0.0460692084724434,0.0349703786983178,0.129072901693682,0.195895155235957,0.555271842538512,0.294289844046308,0.197813135262691,0.0907109231013231,0.0454673172551409,0.0494196274806693,0.01698079888212,0.121011774349279,0.0492843451845524,0.0320776072502764,0.118566414183469,0.011457278941008,0.053520348918324,0.036628699891864,0.136834726815736,0.186657314709531,0.527501939963117
ara_pacis,0.411140936679498,0.304805630339402,0.171640012943867,0.0606032078712167,0.0549787485518225,0.00834918484198428,0.259038541358425,0.0759918170221204,0.0417523798415242,0.223164049709891,0.00191681234513618,0.0711677385132786,0.0523699402304649,0.275007767394295,0.346122914168354,0.962161090478731,0.410857697437202,0.326276291258943,0.148828756868823,0.066547011523092,0.065774706807783,0.0066889760193244,0.244065165129926,0.0764501478630453,0.034127050668369,0.204232106214192,0.00200433273207038,0.0787240691108712,0.0583028307430138,0.232743005085625,0.401700061443417,0.962892212802158,0.451815590390039,0.299827209168779,0.15249985943148,0.0676285370429164,0.0655965525172481,0.0104365195968046,0.237042179259738,0.0759223434085931,0.043195353726427,0.197329569133918,0.00756307080916998,0.0795256226177039,0.0573430142233094,0.23268798842235,0.355725623613283,0.986073979533238,0.481072115756552,0.23701448024349,0.244937915338307,0.0616533300776106,0.0890222651430319,0.0123366936007387,0.300942313461394,0.0586205969492966,0.0356450518811731,0.274379147011317,0.00519534096351878,0.0998572719530335,0.0544462267491882,0.341771415352759,0.255256178075312,0.768063974966222,0.451643479332882,0.252677138192701,0.228107969917151,0.0637806642840581,0.103340236526771,0.0139323860675362,0.318273349948151,0.0649080590954889,0.0389497155179707,0.28927637305633,0.00777322250108642,0.113456617604927,0.05384452053025,0.312467141284529,0.271398874048649,0.736381403579982,0.466755450942216,0.25133457497982,0.226270661165185,0.0666766702437736,0.0949677884005248,0.0123216061685995,0.29334762287334,0.0706269739263958,0.0344330842123394,0.251975077686239,0.00608022228118163,0.103838469995656,0.052578857225273,0.294608004630099,0.277189198641034,0.817208418511463,0.465430174856215,0.292051421282988,0.223819100898243,0.0689871257753943,0.0800835126638303,0.015378633467079,0.261992553444828,0.0660112586835555,0.0316677726730088,0.240469742654918,0.00578713473114589,0.0921867111210794,0.0549101995641069,0.320821436572419,0.279745263142747,0.820871436722033,0.498746113717689,0.29980007587948,0.224104169665707,0.0653529678515184,0.0788288016565043,0.0157526536431147,0.251878756336338,0.0635322078199466,0.0352550591569226,0.230255240586498,0.0083239030567767,0.0909217142117701,0.0523949881807882,0.294213170614323,0.290561972300765,0.820291777322004,0.490758762992776,0.291961285776103,0.198666861562389,0.0726006298692792,0.0776257757004298,0.0144678305702967,0.23589068171109,0.0711813711217282,0.0365110151447963,0.217799827356394,0.00613250313691116,0.0953102712133761,0.053156117428546,0.277533670336073,0.301188830849483,0.879429925415895
arc_de_triomphe,0.408951185276044,0.274247180798893,0.149314302261566,0.0646210597975358,0.0804041338855405,0.0147647971806899,0.202695419581992,0.0707643441457162,0.0333379241522134,0.174215553676,0.00525417935469513,0.0865771634850421,0.046715699394349,0.220243603635956,0.272244093009488,0.861067828037248,0.415951361142793,0.282336320756643,0.144651664101178,0.0621638995472299,0.0787204319359907,0.0158894517366041,0.202597890727536,0.0656749517656758,0.0357443932118917,0.180377425615946,0.00735817625112742,0.0834403890382158,0.0486686741173898,0.222840986101901,0.286786623356123,0.83221616817679,0.400949029918379,0.274165816521716,0.156521515835471,0.0642642867015223,0.0790720468178843,0.0182951276174679,0.20752289010285,0.0699115994438467,0.0384077677194305,0.197666817588529,0.00805017840824792,0.0859945221664758,0.0466892737382165,0.226372679957412,0.276474018675143,0.815061227170788,0.437437632431466,0.231204800601572,0.177886365584446,0.0663792635030592,0.0912440953742912,0.0164295426018728,0.212974125427719,0.0691897095720921,0.0388298936436542,0.183135435004015,0.0092773451621885,0.0961653272429148,0.0509272052735334,0.241088338357923,0.231232769091918,0.812017699662415,0.447937948107183,0.234439343218322,0.173620160317198,0.0633279044871192,0.09212333477437,0.0179263883588137,0.231309028151379,0.0675379521714559,0.045698075664289,0.214415311731243,0.0113171016028713,0.100488568795142,0.0548670675234102,0.252535680786796,0.2478410206311,0.710034731246351,0.425685013759018,0.219013761549547,0.155061811802293,0.0673342105765186,0.110901454663726,0.0220709322635971,0.237527893054533,0.0788880840386525,0.0483281003235672,0.196638218086768,0.0140092762323624,0.116779367954189,0.0566753664403718,0.20510681052455,0.243803734160258,0.767594693930604,0.413527537552683,0.302656818141618,0.144153744667441,0.0568578135222488,0.0627821815829369,0.011570709693837,0.195426792794784,0.0556531254134758,0.0231319540337974,0.168605483858948,0.00265942785311617,0.0674118122178174,0.0377226444483042,0.225114414502945,0.269288207701972,0.928856724806911,0.435516946812453,0.30009769019606,0.146624880632919,0.0569827690447686,0.0714099959649649,0.0138517395346262,0.200781249974778,0.0550958630286756,0.0310408610554102,0.189526691219827,0.00504310118408987,0.0791052551063638,0.0433706406133379,0.228017682098767,0.276527666639312,0.832426351194731,0.407537250651618,0.296796091896165,0.128301102765296,0.0590037094697099,0.0777428905452376,0.0133251217065462,0.204998848977372,0.0647691243211087,0.0301696332304913,0.169745775723056,0.00497221192467371,0.0829214009517421,0.0421097751802305,0.180563686550247,0.284552049206053,0.917909985632028
aztec_ruins,0.286668109148325,0.213368812414689,0.112894324754948,0.0612147845311959,0.0496642307628013,0.0142965837457937,0.166584195880214,0.0618571198567139,0.0268559641229708,0.154456143714591,0.00579028754890486,0.0582222497313558,0.0391774721551139,0.19540695362932,0.212447159607455,0.834797922483715,0.297271695382383,0.225326970798088,0.111323630813296,0.0581281769973145,0.0442720268096652,0.012416239305469,0.15642309682982,0.0566003686832308,0.0231130297475368,0.143164167939954,0.00496526180216657,0.0526847312851022,0.0357189123030039,0.181243305168113,0.216165372302016,0.874885534659317,0.308422238162037,0.234489261037552,0.115400582613142,0.0601589798128627,0.0450293759028972,0.0123072726911653,0.164232122534332,0.0607200298885145,0.0245814818450501,0.145610770523765,0.00538401374097477,0.0512892694784437,0.0360682011524923,0.187069971026687,0.222979562109548,0.819958472499964,0.36004011966628,0.261197310106035,0.145933179666933,0.0566130116998039,0.0470772936726475,0.011707399343228,0.176085632321103,0.0501847066131503,0.0271457412769901,0.172371556600006,0.00586049197459787,0.0525867503413374,0.0390062242659146,0.196943281999482,0.25274617893342,0.638204649499517,0.362062039450987,0.264377052098935,0.139040319874509,0.0578362255899767,0.0485171585126929,0.0105869174175022,0.178943917743382,0.0507634707490213,0.0255741978709184,0.16966081096026,0.00533773816491391,0.0549881689715716,0.0399062013785561,0.192078267055942,0.259322672105765,0.634707464369604,0.353163843161885,0.274329861906074,0.133378473017776,0.0596340528146994,0.0429948202968557,0.0112591961369364,0.172198064542797,0.0539933878007515,0.0267063267143174,0.164275432968687,0.00509024476090604,0.0481719393331355,0.038027193871411,0.182420745872914,0.260418613920721,0.667639721690672,0.352566378086188,0.240852349068551,0.147904412495375,0.0574789955982851,0.0489797656208716,0.0158460595598625,0.171865617756954,0.0553821175209044,0.0290221926692028,0.171506979306314,0.00880723764527036,0.0577614101333803,0.0389491567346094,0.200986303196692,0.220563646268269,0.675229434853144,0.366624161456325,0.256383321942764,0.142103931059258,0.06071870128799,0.0509279311202744,0.015055976526292,0.170609676110254,0.0550537125004839,0.0307582438081621,0.168717896219623,0.00879424133250096,0.0587832718489988,0.0401279781769455,0.183612367099189,0.218827353794992,0.666603891039857,0.368612504759929,0.272687599348456,0.132440788669926,0.0648107258523309,0.0475915237802443,0.0150689117126713,0.174170578984629,0.060319485179573,0.0322380581545097,0.16997811067942,0.0083257123145336,0.0570493267986971,0.0422116176321106,0.170062499239841,0.253582647830425,0.624551880370445
berlin_cathedral,0.261214834187413,0.192771117800429,0.138882351821818,0.0525706022745773,0.0433329836328721,0.0150339061489304,0.192034305740354,0.0608729796090211,0.0238126571500525,0.171341758765383,0.00979944968764504,0.0583548513145565,0.0347919888580118,0.226310176022614,0.204984803660384,0.766260033822356,0.285196446423441,0.154346890919602,0.134085431249315,0.0499754976308191,0.0657572481943354,0.0198575209998867,0.183953700334281,0.064495935171351,0.0304999711109994,0.157284586083479,0.0151084809535417,0.0798248373999626,0.0385816298601826,0.209729869811225,0.161728432327164,0.801942755851582,0.258879722655521,0.158941533113748,0.124182917643099,0.0472623311312829,0.0483464340598291,0.0194542839487493,0.179532472936808,0.0667266378691867,0.0275861824453275,0.150353394013478,0.015224688587461,0.0636867317765808,0.0329435363814167,0.207080257932327,0.169880491985131,0.882286617987254,0.293996755451443,0.188190737763151,0.149441839430156,0.0457268043043429,0.0552940186917459,0.0133918913937322,0.202465845289197,0.0514678970344544,0.024474146613005,0.191148579639151,0.00892093166238697,0.0676404859553867,0.0349392897839159,0.22740675489178,0.179223469377371,0.718639674843933,0.360948178725485,0.209598238108112,0.175559600666265,0.0413049232517111,0.0768754335284597,0.0101419769323365,0.223756300389304,0.0366875167400307,0.0228578171848674,0.206184540308246,0.00703556059237291,0.0792905392796328,0.0364641475404012,0.222011944147741,0.194072608916956,0.549578889097162,0.303260470307882,0.179150040138112,0.172702429812085,0.0442649952900811,0.0606963602310322,0.0123583479998236,0.223728101748904,0.0496551239019362,0.0226162635318036,0.193280817996953,0.0097898684807203,0.0706366521414324,0.0351236320308213,0.232455683551189,0.180294107149861,0.662354961613692,0.335121782012703,0.212980718908891,0.147852625653449,0.0489898567564949,0.0511550161493229,0.014011529817512,0.185470677813811,0.0498582418086131,0.0251248920692824,0.17985822353803,0.00772853351437849,0.0596724631444301,0.0371876619364738,0.204748649348544,0.187160650735871,0.705447217210889,0.34383584723608,0.246465102710548,0.1333984035141,0.0471471503368097,0.0505567720366799,0.010474638400245,0.183510791062085,0.0456916477614116,0.0257341871337592,0.174540096900536,0.00568750223479242,0.0569748865623356,0.0393290160446181,0.193181604819237,0.235876859800963,0.659964559096604,0.326519697834824,0.262361481248113,0.134094800372548,0.0469248467193711,0.0434454970850385,0.00995107144647449,0.19527831971702,0.0479208076728751,0.0230258190261204,0.165034219124176,0.00576259952192919,0.0512017945375037,0.0362384304271584,0.186203026316273,0.258768285026142,0.659639301441516
big_ben,0.234563903487403,0.134604020994985,0.112119085816552,0.0446285197741451,0.0685038354725882,0.0119408756785084,0.176267606421437,0.0559779814074153,0.02206643383346,0.148360361928131,0.00561253912716097,0.0710071804465512,0.0363280214222238,0.210142271499166,0.156140087514362,0.849915069799114,0.232994876672532,0.180312796257526,0.0999306682487254,0.0432658612728936,0.0663194349821737,0.0110521622293522,0.183477644340251,0.0523938237152927,0.0236341938669388,0.145475908551763,0.00560418548886151,0.0672884349632942,0.0338052984048158,0.175679973979391,0.222009579404796,0.794933237857439,0.212352967958006,0.171374980165752,0.0875243782512346,0.0447070228821079,0.0605903256224287,0.0105974087534464,0.165342139735587,0.0567883358631534,0.0229578945010925,0.160806410976803,0.00520252579727933,0.0631923833253207,0.0348290613668105,0.178739236906988,0.208664547404997,0.85450809234045,0.23104125257097,0.129160232754065,0.117202378080254,0.042652158510404,0.0767384868536369,0.0123246167359674,0.217578469446889,0.054247986092628,0.0216854000786067,0.178256426993705,0.00587806740976942,0.0768394609501975,0.0331521475733619,0.20088160632011,0.151280169038324,0.789258290739136,0.255569517823073,0.107431522146957,0.152046885035832,0.0338842464061316,0.108531457297716,0.00999089649625039,0.262428805112044,0.0467334584206445,0.0238549499186862,0.184791404582543,0.00915737392071275,0.0990080032067,0.0310543082794475,0.204066968975643,0.158572995401221,0.651053905163981,0.210157735671267,0.124742438359605,0.104510870144422,0.0417237940923734,0.0694950615068681,0.00993980357062972,0.219513769732655,0.0546746612742215,0.0167071388628806,0.18430313992064,0.00268841866862034,0.0676021857337381,0.02784047533205,0.207461634537985,0.136481874646893,0.860334764386583,0.25518992647168,0.209971601044701,0.1153021503702,0.0393437904903415,0.0647872254599002,0.00926135549294239,0.18682034090678,0.0469606183091581,0.0212324172228914,0.176863585593284,0.00551504857240642,0.0637858270411332,0.0289983488932604,0.202039202620686,0.194359738355951,0.717746615657049,0.283107275296668,0.207370812122814,0.134036524273709,0.0337501250020042,0.0998030774847609,0.00816035138887562,0.224417847106646,0.0365502186615248,0.0182821757563021,0.189703354018159,0.00423092141113844,0.0919877687095045,0.0276575238233213,0.203375238304858,0.203306844043766,0.57243760492366,0.271115866590224,0.176423442511998,0.136876120719623,0.0392300438412432,0.064944523508072,0.00748436099351564,0.196049206805548,0.0449481017088336,0.0187392054215439,0.179629954330684,0.00429728755364069,0.065135263685065,0.0306899884265489,0.214989236635125,0.185746110527815,0.701879333737785
bok_tower_gardens,0.416348049595669,0.296895961893337,0.214200427738346,0.0643924092296406,0.0545842275467726,0.00963308483068762,0.286015052373849,0.0582798227163367,0.0244580217542479,0.266956491799304,0.00136109767482739,0.0643186228456885,0.0435671470109843,0.303255816586994,0.28825781269508,0.884467814644608,0.460240887018984,0.301647136289256,0.229089669185892,0.0663656690217426,0.0781691952073274,0.0126544627891156,0.271994177307748,0.0603319315277382,0.0299827443077445,0.258531520754194,0.00418772163243145,0.0812493595916876,0.0481395600719146,0.30085257535683,0.276457340349798,0.797097104288549,0.418436758853193,0.292008241621229,0.235035233463048,0.0604822787942837,0.0593582243832349,0.0120673812724558,0.282296974402448,0.0566296489796124,0.0211640772152072,0.263738787853173,0.00279830851955209,0.0675416028584863,0.0390566608191723,0.320934773555795,0.277970887150747,0.86747282670108,0.466458316486359,0.289111124937639,0.240682038515159,0.0657079089893037,0.0601255067448755,0.0157564892440653,0.252379356010396,0.0608297947802437,0.0307811693818944,0.228985655033197,0.00906451047116103,0.0693675836290057,0.047123546722623,0.300649267261473,0.284211397255854,0.85575787097694,0.480790340609421,0.300927068628622,0.230554898125155,0.0653174153366173,0.0938133365543014,0.0132781426653329,0.286117539824593,0.0577214404558996,0.0348026915244527,0.273441589265535,0.0071510018012238,0.0978720625084445,0.0547740651774541,0.288878823100344,0.283393976361761,0.708157202446798,0.454259078589326,0.296489717431093,0.19643604931106,0.0705626760687116,0.0842483689212445,0.0170178932482514,0.271228674513223,0.0696557468696131,0.04236627962845,0.26306652589385,0.00760760660942934,0.0903609348389841,0.0544791370127842,0.277380298327562,0.279018125983983,0.802814417399912,0.51277228128929,0.290385807148316,0.26408456191557,0.0674950885014121,0.0735494220689615,0.0176707928557964,0.256469057207235,0.0591916623637573,0.0349599421774737,0.241513243609687,0.0116464414326859,0.0812158264878346,0.0521574038145243,0.313585744316215,0.275006752715461,0.725287433402075,0.528960394421639,0.334064413917334,0.232246430076348,0.0700213181531464,0.0789422788552698,0.0122439127289357,0.262226820151952,0.0561173412130486,0.0362553085608742,0.259484663796444,0.00632350968115855,0.0849535131211827,0.0554655138014743,0.263460915577299,0.299873234459777,0.696350949443427,0.478647031163637,0.302278850699361,0.215457571813424,0.0748150681135069,0.0873048248500135,0.0139633574935713,0.28865203224575,0.0679493404895658,0.0453858539154022,0.285936507830496,0.00727271552836864,0.0939094148109794,0.0618630707876113,0.270467235895987,0.289294191399202,0.69379558382314
brandenburg_gate,0.174208536793592,0.130884857091998,0.0666296087915604,0.0459445390112203,0.0436361155302928,0.0109040187186111,0.134013499977982,0.0679432224929587,0.0215734014398976,0.0791534020270615,0.00940060083589824,0.049545344602706,0.0283846699006415,0.148441206664387,0.152511251923666,0.948279362049737,0.27746503369171,0.178787727992794,0.0844282543317632,0.0525684525675964,0.0565195196596715,0.0164187802521714,0.130893402777751,0.063668602090192,0.0321492566870497,0.102016631508842,0.0128738691615914,0.0640114314101969,0.0372229500818753,0.14309896209798,0.177764474531473,0.681564701901237,0.268803389772571,0.170949368505632,0.0816097889795237,0.057859812184211,0.049147519594316,0.0153484837042664,0.127009675122351,0.0698171256002035,0.0311973536997443,0.0958390256025127,0.0106997115982108,0.0584571745626804,0.0378331676581008,0.143198116961248,0.184367874593179,0.709316240443439,0.252175692860745,0.16208540983083,0.105824965396772,0.0443776903499106,0.0564195034783187,0.00963835058484573,0.162383986937341,0.0611631297169381,0.022464820376507,0.12199215444358,0.00723604361674101,0.0595270788700869,0.031045681044431,0.173625256697744,0.175993231937494,0.665500886087726,0.334465571708852,0.181400544950777,0.124960914986793,0.0383724882326578,0.0826937541184263,0.011461108615425,0.165505860236162,0.0398311525340929,0.0240382020247101,0.14017900485617,0.00830235727910661,0.0819358224154261,0.0350847773596995,0.171968525432923,0.173853641646444,0.497399782820571,0.32427740664743,0.183022954543438,0.108501683360031,0.0380976329319345,0.0778510282090392,0.00800270031030971,0.164317177698229,0.038759651816743,0.0216293262285691,0.146023262400943,0.0047887604653495,0.0749495309929398,0.0329889205239024,0.15705126932878,0.179867671156537,0.5513234836973,0.317902736374828,0.148310925094566,0.155429918817046,0.0486612991790052,0.0710969645388964,0.0191445462855732,0.160112179373782,0.0594301298316003,0.0296907012126178,0.14047663563985,0.0153492732398444,0.0781007155326913,0.0322523612821643,0.194000914186535,0.143610781956792,0.497883550044524,0.333350629058016,0.15892464713256,0.145494678585197,0.0433143968500746,0.0882067536669378,0.0174522443463469,0.163380673795198,0.0464202552261197,0.0302041651407882,0.143974708451684,0.0125551397378518,0.0896454909970034,0.0344623183965399,0.170070413594789,0.157131594549981,0.476865372251534,0.337011836361466,0.169105715348093,0.140065273344251,0.0402033478896358,0.0938470751253253,0.0113278738117297,0.186920776353145,0.0381748473299401,0.0245284676216119,0.166951116804176,0.00670293145764314,0.0926881099899813,0.0342220852761944,0.157297591908516,0.158768207088473,0.453637903847237
cabrillo,0.207800609337659,0.127599824786307,0.0823369461450354,0.0452988710983657,0.0383165951140159,0.011619901716953,0.130312665641694,0.0783515422833399,0.0126120443469059,0.10390928940508,8.85329232385683e-05,0.0624783689263458,0.0242701870271745,0.179516443172435,0.174754047793317,1,0.239530184315318,0.175038997926394,0.105972814625151,0.0467792388135062,0.0357294319052357,0.0118905336935402,0.153307486255575,0.0655505471945199,0.0140458082271527,0.140011552810872,0.000298720635040128,0.0556592878975234,0.0279932791427685,0.206333132518207,0.208178439206603,0.792946367048192,0.2258350365736,0.133682962476505,0.0789520534997284,0.0491203434647217,0.039930069040101,0.018249015601327,0.126730934913447,0.0801972683830234,0.0185069369648101,0.110001541849767,0.00398180931200532,0.0662310541116465,0.0322145995392877,0.18303680857404,0.17604935420586,0.936546339192527,0.278285771658177,0.160654631075919,0.150529020317345,0.0512541325956852,0.0427990274754241,0.0113629608248353,0.176387997478606,0.0591781360516238,0.019301052832625,0.148014253086327,0.00141494578993914,0.0543009622798763,0.0315552965623077,0.215359075978839,0.185733460164279,0.693134037727847,0.30126524779088,0.168848192358016,0.13242862784848,0.0522775787837307,0.0499479800905609,0.014350395031085,0.159910608695217,0.057777156389589,0.0280165857540772,0.160325676159369,0.00565463416435673,0.057623022012855,0.0410878619761528,0.209999985711339,0.186677484029665,0.653074847663934,0.31556393731571,0.185681922259018,0.148403588466061,0.0496019531632364,0.0449602727353789,0.011054624302988,0.167816227119376,0.054274363187512,0.0263822076440409,0.174130016818597,0.00502750977226334,0.0522522956137986,0.0363090688151352,0.216511557694045,0.194017593599144,0.59727824828425,0.370859143407922,0.221345369010522,0.171653466387117,0.0454388989749702,0.0326051142104967,0.00917796110443614,0.164954623288339,0.0445058312170571,0.0256003486009983,0.142422722127558,0.00555883330783974,0.042903738201829,0.0329631549381078,0.201264291515907,0.208025191435039,0.559988221289261,0.345493187374789,0.199771594781025,0.155669560850207,0.0481020859917941,0.0466270650195352,0.0129778278948005,0.16691419233544,0.0492207696549363,0.0271251402584224,0.160643253973558,0.006380709569326,0.0528696232891432,0.0392136512267445,0.204434651287726,0.1957898987507,0.568032103279005,0.333310107934077,0.185637296048098,0.167653295454446,0.0458545822873417,0.0434304527449291,0.0103309917776997,0.180740527304908,0.0468405314325774,0.0232275735724982,0.179341408542032,0.00457840828689976,0.0496686338646339,0.0338763243470193,0.235269881429311,0.184802781413876,0.554701449771169
casa_batllo,0.326522584225105,0.193466237821487,0.1635988274727,0.0594036889694125,0.0576857370507489,0.016601027902754,0.244106953308424,0.0737232483047115,0.0348873265149779,0.197467491386339,0.00730475564762593,0.0673995215820746,0.0460254349804291,0.271522880184893,0.207533185121034,0.863576484459427,0.330948957173711,0.23007349900371,0.177358258821223,0.0596031081297702,0.0539721194641023,0.0119168109788454,0.231252869269465,0.0622559379307591,0.0198171749182416,0.190938980470937,0.00160034110437765,0.0615122175940903,0.0357708270939447,0.27802780731853,0.226644490156384,0.859132072587786,0.334624060883196,0.180364758643902,0.186340167998228,0.0638434453540556,0.062936605145152,0.0122017760311353,0.274711925168173,0.0706033431663792,0.0222195033833526,0.186025949947971,0.00573196496538223,0.065643525848875,0.0371178475785491,0.272180126437326,0.207335028148864,0.848945099402726,0.368392568375242,0.198777309610601,0.212882517736062,0.057945654208946,0.0604140036643754,0.0160535557400106,0.268061821371319,0.0675243057272465,0.038372867894806,0.204282250200771,0.0112186077134846,0.0672249120842775,0.0415258628884539,0.294925814138642,0.208403141182833,0.714819911723391,0.356774470888123,0.21414304445649,0.188006354174781,0.0559045977205006,0.0614257382720637,0.0154928621643423,0.239773282637648,0.0638131882087446,0.03393382316376,0.196611450797777,0.00898505892182845,0.0664535431404838,0.0405043396270565,0.277309490827127,0.216139231454479,0.795554463658621,0.347233802571124,0.226320658551081,0.151462885284909,0.0577491307856201,0.0602865619661507,0.0126734090870532,0.260111852882892,0.0655848810939011,0.0309138924659773,0.205732816249224,0.00550662555948999,0.0641570219508805,0.0405954697716047,0.255412424272424,0.238381428470526,0.808703016049891,0.356191110685504,0.18439531593493,0.210504008977432,0.0588932626183931,0.0695102153059246,0.0263417580518483,0.246079671293221,0.0707031762259732,0.0352331306571025,0.195634143887372,0.0201850221480103,0.07891596344586,0.0394441071275905,0.308064849011222,0.175486200001019,0.755243848873532,0.349262181468943,0.212360352225565,0.172230385603719,0.0660503113193209,0.0673993880830666,0.0151544492608348,0.233681657082283,0.0728509323094631,0.033783285919697,0.191722837676707,0.00829179752403314,0.0734809631464244,0.0418895922331959,0.260240654833154,0.192192665665939,0.840233254296398,0.339272672325664,0.22442430142209,0.157108413509449,0.0684770475999112,0.0639204858932345,0.0145817738453246,0.251491877954771,0.078918167310773,0.0393031984046233,0.205241928853721,0.00817915682686868,0.0716310084228777,0.047855124259053,0.251992912796032,0.219255922519812,0.789171250082
casa_rosada,0.272626462418214,0.158719804024745,0.125583663221477,0.0579107609693824,0.0634172486782353,0.0126283170854281,0.18632076769869,0.0663008258284361,0.0256347886197255,0.171004596558419,0.00439047060991267,0.0743290835364193,0.0400728136435741,0.224090010722213,0.166974626819894,0.933588066821209,0.309162794455517,0.156350397151846,0.148710712468556,0.0568819327928273,0.0799301027169388,0.0154259688934747,0.20087457114097,0.0666466843783967,0.028057275167842,0.165148542513582,0.00891069315557466,0.0876839659204078,0.042458380485475,0.230159480388533,0.168265663501199,0.818925011916092,0.316323872342843,0.15595564300742,0.156433387138536,0.0562819225237646,0.0826267632482726,0.0161003961362201,0.205378489999166,0.0664856049611616,0.029256427990221,0.176096549813885,0.010144192597418,0.0901503535809502,0.04114886435988,0.238840899907295,0.166632453481888,0.77573646469752,0.340700969704009,0.206319094654265,0.182560642386783,0.0506909801897764,0.0672827308934469,0.0115471316964715,0.221386029064803,0.0511716891022509,0.0246017909871136,0.188473937916774,0.00505539396647986,0.068336623628987,0.0383635668111948,0.28161857537939,0.200913733309784,0.64456961337287,0.377270850569597,0.199539236201113,0.191606974458261,0.0495886904840062,0.084528085874537,0.0144007340909146,0.230730327192071,0.0515562604697289,0.0305228816639908,0.179305197317923,0.00911576704877175,0.085272842821278,0.0405670723988343,0.241345762546505,0.187042758915505,0.611199437598799,0.347503658393763,0.210690090621203,0.15735493881465,0.0496845661655963,0.0756901590973579,0.0112291611048562,0.231213274938457,0.051954179448125,0.0250805369594583,0.179297414669434,0.00558697950129115,0.0697812857444702,0.0366686233351549,0.238583916835264,0.199615150023313,0.69365771368773,0.324220441311486,0.263831125682767,0.161858995024652,0.0520859774993684,0.0591449934352067,0.00916407611095191,0.198986843510854,0.0468468908348173,0.0174648616719804,0.17902996205659,0.001254046974089,0.0567863200278948,0.0299628903893097,0.275294249061027,0.220580995157222,0.687080136814728,0.353962480005225,0.267714943229695,0.155934923382004,0.054446542875836,0.0675895154179575,0.0108620830812071,0.210501112984936,0.0491824506446394,0.0227455400014914,0.168258588613775,0.0042426552869051,0.0656843374244375,0.0352046598059355,0.214552885206873,0.219095528373465,0.683615686193096,0.33019571591724,0.265149729092256,0.14828596479738,0.0540656252554539,0.0702945498076495,0.00881362402427051,0.228253301707372,0.0489169232256747,0.0209359299461871,0.193490150713195,0.0015563823202804,0.0649982187681066,0.0337337695201041,0.222554022991565,0.208186991043769,0.684161222093752
castillo_de_san_marcos,0.20171639857122,0.139298314228531,0.0909568696809046,0.0430719539751159,0.0437848506255899,0.0107840412834585,0.150510423672773,0.05576393407127,0.0167575681601933,0.120702061493716,0.00289360626806734,0.0511419547210692,0.03217204914586,0.168701121274941,0.169060199067787,0.869116604208378,0.19978218690122,0.133898218098095,0.0795937315246084,0.0429296708013776,0.0420079730421835,0.0103608565144485,0.136276376901625,0.05678904236622,0.0173616805470203,0.107214087912753,0.00261064055444618,0.0505702755072459,0.03208630808685,0.157397757251803,0.171162839523377,0.926390145084568,0.21943000698199,0.159018058305581,0.0906007318138073,0.046442183495247,0.0457411921938362,0.0107203415994781,0.159549799155531,0.0566295386881403,0.0218956987970956,0.132729166672207,0.00405176236969333,0.0519825414903062,0.0361977252120478,0.165891485499952,0.190376767709667,0.775174674935348,0.315070625915309,0.208664809330839,0.1318786080701,0.0466677809798205,0.0393225867968999,0.0100216962211717,0.170290586160021,0.0432519345116202,0.0218093260947195,0.152450428034762,0.00451711282047609,0.0459221068747114,0.0336006205995359,0.171613705793149,0.202144533019593,0.569205150305055,0.318616656077252,0.210691952023965,0.11858124921115,0.0442995506801381,0.0438739596841981,0.00982246970694736,0.153538561391001,0.0426846672939389,0.0245442434601318,0.146608557145663,0.00542720337785086,0.0475309007203873,0.0339801742582964,0.16151390385453,0.194341175847664,0.610376067063847,0.332671372313739,0.244024915128912,0.109904039749215,0.0489789392656102,0.0411447761627501,0.00997717331692183,0.155659787828744,0.0464274239077515,0.0284972319785003,0.151181883643984,0.00577096859384076,0.0459934040220232,0.0381575106932687,0.152322538691228,0.232240386578923,0.523479057976559,0.348876624711984,0.196388180293766,0.144305712908325,0.0488071241814466,0.0392068135303421,0.0114197120828428,0.161101423996509,0.045937433390691,0.0299205637614513,0.147364103338267,0.00813513671340234,0.0444831502527384,0.0394478239153306,0.175774900558436,0.189995983233397,0.535266404738578,0.350325932661314,0.212420624636561,0.120341169863996,0.0485144175630472,0.0420762686752926,0.011653895460872,0.142332157278207,0.045063250347166,0.03118031277167,0.130665088089831,0.00787824426954314,0.0451283701647544,0.0390502050251139,0.147631382911819,0.203208145709676,0.588962827066091,0.320692307269594,0.216976111346018,0.118486937838216,0.0486594584392727,0.0428829113264968,0.0105831206407716,0.159755336070839,0.0473668745815904,0.0291734391943111,0.149109992499961,0.00650282962453898,0.0463131489982709,0.0382077881178281,0.161743562464417,0.209962212618094,0.56001561885821
chartres_cathedral,0.394334824195608,0.246173851274603,0.184451830349938,0.0788378068455794,0.10042046651622,0.0147208673226769,0.294743728170107,0.0812601462388111,0.0357798867760194,0.268326278456659,0.00324485758979806,0.104831716880679,0.0596563128198929,0.296190975440242,0.264951581979881,0.89602667904111,0.401543106499379,0.229105696472641,0.192038833787299,0.0737620630115351,0.0994967664663602,0.016807763501789,0.284920889523456,0.0825526962903288,0.0320763562298264,0.234919280541138,0.00520930644851543,0.104548979439748,0.0552151853592925,0.305356036950262,0.262493392604803,0.943904812992848,0.395806499336201,0.221095426694088,0.203203234639623,0.0787182474096112,0.0941359700823799,0.0162851340173015,0.297848494508681,0.0807815684747592,0.0304566538370658,0.247442319034714,0.00540419613076575,0.100995611294713,0.0565762875770079,0.307172548271909,0.252711842928717,0.935315764522916,0.452327260597475,0.219796576822558,0.234723450855654,0.0723548711893682,0.113389510171708,0.0175487637353064,0.280464051708818,0.0730280782893963,0.0397473711321438,0.261330938311248,0.0104396890579176,0.119593758623624,0.0574237145053077,0.323168662297688,0.235864075728434,0.812749915133833,0.485562779024293,0.233096165263995,0.246738756097994,0.0638303903151127,0.106347702626508,0.0146875694858239,0.305278615082443,0.0685005733498461,0.0430037152516748,0.269080797630412,0.0115240863991103,0.109368320286565,0.0578805172010184,0.309489760508788,0.263265453398961,0.73629456316499,0.416724224908,0.207163690912428,0.238587229982314,0.0665888199815061,0.107441915423221,0.0133780922594835,0.343880099487419,0.0710025017946399,0.0344648863294828,0.29187458802246,0.00603130895505187,0.109924636905376,0.0538702840566778,0.317283876549108,0.239942988777253,0.805790858537778,0.488051221285077,0.292596582002928,0.243880921813965,0.0589460188149157,0.0877816035027872,0.0105678152650413,0.273658183873049,0.0554658651551774,0.0325799925877102,0.255964295547811,0.00636390371443478,0.0917049056709313,0.0509609425721812,0.329115882735372,0.296213999845912,0.750098474907025,0.486856083988373,0.267723190918853,0.230525691457939,0.0608200641343037,0.108922638521023,0.0129921674645857,0.298003896001352,0.0595347304230312,0.0334279068385059,0.276176665885416,0.0080629367195766,0.11293092086965,0.0505160011636054,0.316995089248572,0.263581941577531,0.736880940289587,0.466132573451279,0.269167940597765,0.232096371562716,0.0614562230696087,0.0911090984075547,0.00756334377800877,0.333153911799563,0.0548332378567307,0.0275791173685577,0.295567958990812,0.00243130570442271,0.0929125612458698,0.0478682771223782,0.307347433485347,0.273486857082719,0.761244874253981
chichen_itza,0.54589868629508,0.338060502625462,0.179983442593695,0.0787508970108021,0.0880224477335284,0.013775776034902,0.212949913616874,0.0673273550365536,0.037638398189246,0.225970247812108,0.00571726994764954,0.100168993995367,0.0504085978599486,0.235854410875534,0.255130988510495,0.852944739247681,0.523579764817226,0.294917443440377,0.159886450612172,0.0781452601750549,0.0835009572063283,0.0161145008431347,0.211449609345021,0.0740907160461869,0.0437559721214094,0.199601958460366,0.00697054854994789,0.0951453805229428,0.0571495809943631,0.226225085352735,0.258570646431951,0.959498601669311,0.527699439450808,0.283342805171817,0.204145595781141,0.0742239133236853,0.0897785362235876,0.0130303564626398,0.22052708701113,0.0705464599662666,0.0385320313357815,0.209724219260196,0.00711029984696129,0.0982531564298033,0.0546760589593119,0.253292740459729,0.237499193888121,0.906220914870578,0.535361187287812,0.353055958124885,0.178055365565629,0.0688684262106998,0.0812213302090579,0.0117015447409328,0.212909968813166,0.064498432234019,0.040056386401321,0.225812865573974,0.00773162080594637,0.0881053057570777,0.0543483914053334,0.233759998743532,0.327751582947003,0.805363377072401,0.599796498519168,0.311773275493933,0.194043658189149,0.0741857915997363,0.0979027822554157,0.0193072319570984,0.222252208129236,0.068095391205133,0.0564703004130993,0.220127321543673,0.0137896034143616,0.102997685228563,0.0669721667355055,0.222880789839759,0.290442317681245,0.727566166240384,0.552312286623794,0.304660454334345,0.194646665036503,0.0736858116118006,0.089762383637595,0.0146842610162876,0.234731376041161,0.062783166198978,0.0489810318798155,0.224564992274429,0.00999437907900512,0.0951117672625721,0.0599699934057319,0.236990276326589,0.284284645048281,0.801438444170967,0.622212305900715,0.362117271226254,0.183408884559776,0.0714121997872952,0.0749954232989243,0.0160787165927969,0.189429476685634,0.0634830019272588,0.0484980007304137,0.191738396719003,0.0113485811838528,0.084540428896911,0.0605881144253292,0.213817296186248,0.331238728689172,0.763695936567498,0.623399183180308,0.355986302140867,0.165887655206498,0.0783589075654755,0.0830978268183863,0.0150552995976322,0.19178312611386,0.0668502032052972,0.0537612291071992,0.204353261879466,0.00952321874811093,0.0891074207471121,0.0667450580788416,0.19270127908798,0.346018142115007,0.745973852837851,0.602677921751817,0.354512611320122,0.167751184560938,0.0793256624000686,0.0809650356211271,0.0130235287756825,0.212060387756437,0.0719862213968181,0.0580717677891457,0.216441072654275,0.00973120119992492,0.0861824192507086,0.068129158841501,0.191421182944555,0.357959828285636,0.71836315820367
christ_the_redeemer_rio,0.140263799542566,0.12865728386842,0.0508721495663552,0.0420427016742191,0.0346924056770541,0.00909934928510984,0.106453269070353,0.0510093367703896,0.0109516388681314,0.0935508124248391,0.00134021417124387,0.0421500023668025,0.0214382827269609,0.156958915987685,0.113069538252523,0.906350809401377,0.168690215006103,0.137344393293367,0.0670056371800166,0.0423057668909768,0.0387673320262872,0.00963924706906421,0.112774957018501,0.0476989199018013,0.0124460147718674,0.106279647352667,0.00234951979820329,0.0449659965431118,0.0233629423491121,0.154363149046485,0.121002999971374,0.819902727403046,0.149713616576432,0.114840104655522,0.0655800547722481,0.0425807642743063,0.0375084340897675,0.00919645032153484,0.117918018004725,0.0522310563035684,0.0107151084800715,0.0933147921881421,0.00217941895944416,0.042609152041901,0.0202737839787416,0.145254778725042,0.109147300330522,0.895837365958083,0.163073085229651,0.122656745174613,0.057156536517803,0.0390846635031533,0.0364852182586269,0.0103844829817573,0.101865645229573,0.0478312039288976,0.0123939612694295,0.0920492724932554,0.00277961023018658,0.0428862145313073,0.0206264105911027,0.147205055751827,0.11558247713859,0.896839857332456,0.217498697901943,0.141456555559289,0.0954081536125028,0.0429132476248354,0.0531947346760903,0.0126309323939041,0.150061353555664,0.0418708509806536,0.0197974654997107,0.154405099430544,0.00639828101556646,0.0593000489762572,0.0326428335844517,0.179602045044018,0.141167248210452,0.560552618075576,0.172053993093697,0.124212452527202,0.0685665511440685,0.0362951278709071,0.0389003856476394,0.00920701073503275,0.111177105905685,0.0436070564744638,0.0142284386893349,0.0969958915124343,0.00374058916810687,0.0433830316311734,0.0237153921115642,0.135467437741817,0.13894423994893,0.848406768010918,0.175661748852056,0.110627846344074,0.0765761310023837,0.0364025017075782,0.0405718897663666,0.0127063786324468,0.112843929016743,0.0461615771208856,0.0151484744316948,0.0939449080711509,0.0054589981346386,0.0466831738904295,0.0238346897697395,0.157271130824447,0.111502500459413,0.84350435484127,0.240233146615999,0.134601939298745,0.111162719409627,0.0404632624704512,0.0572830664199658,0.0149305722683546,0.157878102211371,0.0436029792916806,0.0226323833940819,0.145649910714032,0.00945388696803466,0.0637844639229712,0.0329190586470907,0.170601440143518,0.129082437712019,0.534620909700192,0.191706053246547,0.133482117100787,0.080774171039658,0.0386164077438577,0.0415342792876937,0.0120442762440889,0.13775575476575,0.047900800234683,0.0181969247287004,0.121559707918455,0.00690041119023867,0.0467997229200844,0.0280633640472366,0.144357990812265,0.141894279365311,0.717314540809302
civic_center_san_francisco,0.11353798867831,0.114283846016536,0.0464391783276505,0.0427264336817143,0.029797355910205,0.0083867211915903,0.109162941592434,0.0601424368170462,0.0109145199409683,0.0839260916453355,0.000682577623518835,0.0360858792310952,0.0187528321284409,0.153183906137735,0.12538902526733,0.949521770917562,0.143570122827921,0.113392164741825,0.0603327286288484,0.0419025183628009,0.0380560281932972,0.00937118958446382,0.1247265566962,0.0575721943982721,0.0126208582246183,0.0939793022575094,0.00227049431786599,0.0441947804777575,0.0204051132476288,0.143660442338046,0.117851263426377,0.879027514909792,0.158149010435578,0.135705204342732,0.0599073115840333,0.0429593012499818,0.0335265297664618,0.00879465533587974,0.118144342303024,0.0563629058327441,0.0140311362883405,0.0909774735795892,0.00192044756539975,0.0384172017432762,0.0213025629754623,0.15262843768781,0.123451511387087,0.84665571023904,0.200418763007264,0.164878507152368,0.0797841125586381,0.0395349649436731,0.0473073026283679,0.00831738816630179,0.128654946566338,0.0443190141143362,0.0163065008675786,0.107615948744207,0.00388115172379113,0.0490328638425997,0.0262291655691955,0.148867361622744,0.146830875629484,0.690954358340193,0.223211464624288,0.161599013785387,0.0734530641670406,0.0393036654971441,0.046041127333425,0.0110972390243834,0.117797809051016,0.0450488319030802,0.0202492504937135,0.123691946910608,0.00461206250360809,0.0537112379253183,0.0322858269324877,0.165024368819374,0.156879817029789,0.628926825360576,0.235460158906279,0.140451712072428,0.0893670404812294,0.0393225438612531,0.0524713486607557,0.00998056879006158,0.137348273605077,0.0441497421106186,0.022038794818281,0.116182521404006,0.00614427288062268,0.0534849211016239,0.0301916108806461,0.149688750307931,0.143810941112416,0.632840067395719,0.295662775277258,0.206621871439351,0.111318181342076,0.0398287497986868,0.0491957836511433,0.0100883759199329,0.145255271675998,0.0352231990492581,0.0224704127876373,0.128975248994359,0.00692751962843392,0.0531658935177077,0.0322507002063192,0.143331759455453,0.183695568986271,0.438921253748231,0.30566496449201,0.21519980845065,0.095412101250665,0.0409201461091807,0.0510995569681019,0.0104686517844291,0.129580492879162,0.0360271448973259,0.0232127633142835,0.121682393946585,0.0066001573984463,0.0552872616883756,0.0338225405499337,0.130133768304009,0.191314537126412,0.4565073733968,0.285956755999465,0.197707045141143,0.105212767044293,0.0406348492781793,0.0490571038112361,0.00882632569126276,0.154448771605733,0.0358885491287177,0.0214400100174554,0.135421096734725,0.00591380996368741,0.0544709547533997,0.0346598051710581,0.144401453881061,0.180760558333354,0.448133731645734
cn_tower,0.163195132066982,0.118969281189382,0.0621898963498312,0.0441516966631831,0.026936386432864,0.012323391273784,0.10670439163516,0.0661008090759847,0.0139997644640363,0.101819008797865,0.00296658949841314,0.0481617892776308,0.0215156786197454,0.163622441349019,0.129238980566438,0.89747731784977,0.173968437175139,0.117858702075005,0.0765382410050663,0.0435797370572976,0.0378099405799451,0.0117598871059902,0.129171033375962,0.0635073079321407,0.0138866298418756,0.110472783996457,0.00279641005545367,0.0541185253647999,0.0230395933887727,0.17373122921912,0.131176285453952,0.815957312263185,0.15075052385259,0.108734184006392,0.0660745014894246,0.044231959740707,0.0233504008865716,0.0111247119823776,0.111721657436239,0.0727173080954709,0.00999425071875963,0.0892388611852984,0.00251867979608567,0.04726728051325,0.0181419316224869,0.152392423009703,0.129083238525783,0.942030081071585,0.188302182870734,0.130779950288722,0.0801760256787587,0.0402306148071225,0.027839140867592,0.00944283269245682,0.117522982974367,0.0551498076943061,0.0128808949458455,0.10345653419819,0.00324182532780266,0.0444239455874126,0.0205692527713384,0.166943317297471,0.135600874290787,0.842811941265451,0.225948838802203,0.139077093703429,0.100869149595883,0.0439683094703912,0.0393881390962125,0.0102702425922717,0.14462073197549,0.0535903531990522,0.0139576192556707,0.11883250824756,0.00332563716689608,0.0514692674213105,0.0226869764714316,0.172229451930536,0.140171734929074,0.698965704821594,0.153818548738927,0.111877254203932,0.0651804661592129,0.0403623176303722,0.0225721042365054,0.00896198786899058,0.116181389100887,0.0625115248928854,0.00926550910382218,0.0987152981450829,0.00111828349091065,0.0434931329672363,0.0183939088026978,0.161124722360427,0.129970690821895,0.935825222647601,0.233787727296454,0.152424194381979,0.0978545743103025,0.0463808751497057,0.0323890201005714,0.0112358460081303,0.125059203844364,0.0581160924551213,0.0157067321523927,0.109857920015307,0.00441581386516778,0.0482812055711721,0.0235941366211568,0.175933316489339,0.151154502935627,0.693181220823441,0.241745080211265,0.156280056116452,0.103574152388609,0.0472066209260503,0.0419664507871655,0.0115672629123765,0.147347778049844,0.0538570540766459,0.0157037964764134,0.128048896240425,0.00389785473092729,0.0537432632918798,0.0264872633055211,0.176784449547806,0.159318284546211,0.611843861391834,0.1946067390784,0.145696283734442,0.0780838624087695,0.0460244483307687,0.0325180650221519,0.0113558880891858,0.127094766047857,0.0642858713224117,0.012633030922659,0.113952025984086,0.00225360196580319,0.0517404807385312,0.0231350976513228,0.165479557866295,0.15006776264304,0.760444061769053
cologne_cathedral,0.351443125891092,0.188214264563263,0.158183328430592,0.0586399140962329,0.114488516186633,0.0234369994116778,0.245614841328753,0.0742435660257559,0.0472957295774341,0.278320460057256,0.0169408125533212,0.112764596939405,0.0492345812680417,0.328207187238708,0.182577833093355,0.838054278805901,0.436158709510024,0.201614997336025,0.199863883017189,0.070696723641623,0.0972207229530031,0.0226546033823862,0.249757469901545,0.0867378256430035,0.0526037884418747,0.207514610059743,0.0206117257291914,0.101609056152591,0.058209717306,0.241868577141456,0.218518288013856,0.80202024133659,0.37336143588261,0.133795448828582,0.237490385458969,0.062575420978169,0.105021671045114,0.0225470124367977,0.288091337871497,0.0866885521887551,0.0440750366671331,0.182622653214226,0.0199258148911159,0.105310893277855,0.0423246477805667,0.268219048182707,0.173898374119889,0.921713367174524,0.410776519554144,0.194848942701074,0.198703766698041,0.0573762913929218,0.116709454066054,0.0211135948606521,0.250601798016776,0.0615122525037488,0.0457812746965219,0.286077682051359,0.014272309772537,0.12067867646414,0.0532567269010074,0.323762785183068,0.182553264928994,0.729636134365261,0.463037248693798,0.214867051742242,0.242973702112717,0.0540201114834613,0.135525961419924,0.0136497080584382,0.287130139233593,0.0506850044683154,0.0329841130327317,0.250937464859426,0.0105927146568744,0.129895530592948,0.0482451767136259,0.28651694284652,0.211263420494475,0.635336651032122,0.430710541226879,0.19223547125404,0.240993713295176,0.063426874104014,0.114625804672332,0.0173915437925682,0.293288440626141,0.0727120158927108,0.0353630945164123,0.222845045309276,0.0158985230260014,0.108729088118601,0.0463586572683029,0.249520671847395,0.218428635312565,0.745131007615415,0.491698927433297,0.211126470676434,0.227098967837349,0.0663847929378375,0.0999625301242808,0.0287316471017213,0.214765757588374,0.0723325562828438,0.0584109776159341,0.221916966219198,0.022705496593497,0.105891529383399,0.062342155549942,0.297244222936756,0.193638893155822,0.693408561591453,0.512508131765782,0.256075323309276,0.205606186174043,0.0642052787480674,0.117779189335359,0.0231394676629415,0.224159224779093,0.065126889627399,0.0493166797567553,0.219481926209946,0.0204780616786433,0.118283019578641,0.0593429809507594,0.246123459380095,0.235660352068513,0.650376569091994,0.475771956079361,0.236545913895679,0.18640531543098,0.0687736977502174,0.109589556366512,0.0245740306000182,0.271927514952992,0.080560998087216,0.0576964937961415,0.266707482196492,0.0210080033766535,0.115308836317432,0.0620167054128976,0.225424634586339,0.239443602085032,0.625906446968736
colosseum,0.343328462571814,0.268770186543634,0.120158643908709,0.0758719369113288,0.0529093119525224,0.0195082156614862,0.170430950137384,0.0813153142898438,0.0427178882723694,0.173911334566306,0.0103731156271346,0.0674522179507872,0.0566962757363437,0.194238254101465,0.267371043280671,0.819812188572831,0.33197104219187,0.276905885477438,0.118346301786776,0.071197061473439,0.0443265632274199,0.0165086768817965,0.16850712123319,0.0746121094494376,0.0361436311260229,0.166700332843089,0.00795080354460923,0.0570765115140845,0.0494360187946547,0.184350692056322,0.263459824714405,0.897370515238549,0.355877706609089,0.263138944968665,0.1374898413935,0.0725731395222627,0.0478938923375907,0.0168166776915962,0.181023515763626,0.0758506889129859,0.0388070273011231,0.173441433093004,0.00968091384319996,0.0597209252621504,0.0519127572914289,0.198698854308124,0.264835773741371,0.817101002567087,0.375472613730161,0.276271856463851,0.162130652293841,0.0640068207284732,0.0443093462278666,0.0158914329623547,0.206936712310141,0.0632472508361698,0.0371157427511591,0.207429125917254,0.0089475802684841,0.053914008145054,0.0495902283358145,0.23063542878942,0.266730536439895,0.702234096218162,0.383305234773955,0.289967166747299,0.174940436934934,0.0596057168070391,0.0429748859129911,0.0117885707666515,0.227213583864716,0.0536837929909655,0.0295696811333098,0.211177632878865,0.00636818696595996,0.0502674971622836,0.0455935109943392,0.225348426748336,0.295762042736347,0.657298041939706,0.376501255398829,0.2624319390302,0.156256008511241,0.0668731306704206,0.0482443564298892,0.0162601905885261,0.197271173114523,0.0676630699390579,0.0384723752239985,0.181281758363842,0.0106173098965215,0.057860178107014,0.0511892092724155,0.203688508268101,0.259128813670902,0.7711248942175,0.382281644345816,0.27782862897325,0.19408849713058,0.0587355145386623,0.0392957222981236,0.0134803235359591,0.211351790473396,0.0553757809790529,0.0260133279607879,0.201850928211269,0.00671339738930965,0.0494789114195494,0.039546024396908,0.25224362373885,0.262552814234183,0.694026872489532,0.367508900594435,0.32001553754106,0.169938151637559,0.0579990800346244,0.0389476062744175,0.0116289110777235,0.220396740375451,0.0530241561660477,0.0222090777866831,0.215176978643257,0.00332453636809665,0.0490649078192448,0.0375539408301698,0.232029917829954,0.291613847860855,0.674432437299791,0.358125931021695,0.283131119138074,0.16478437030633,0.0616123447689336,0.0488642570634291,0.013398174069461,0.255624118900255,0.0599871447189707,0.031973774454532,0.248152836902446,0.0073533747526303,0.0574410512602748,0.0463927342246207,0.222208277086601,0.279475000307751,0.626340091443838
hearst_castle,0.273187137710686,0.241535329201865,0.107995183675915,0.057709908804268,0.0482143590293008,0.00912843516358805,0.178779305082696,0.0561599557134405,0.0217372346345621,0.174248340721891,0.00255907663043189,0.0563150104680793,0.0376156665270705,0.213082253021308,0.197054760423951,0.80057875100004,0.271940783789512,0.236869617196187,0.106784697962985,0.0592332930087649,0.0452053156746086,0.00960550507480443,0.17789682606832,0.0595062015156139,0.0204935482925705,0.140542571483075,0.00308960844532761,0.0518831444407117,0.0348362506118295,0.193911970337604,0.186326753116835,0.877775834531673,0.263574184400046,0.210001382842298,0.10786084747781,0.0572601639751955,0.0404209898484563,0.00788204885167734,0.185165188377129,0.0575735925410537,0.0172325839352499,0.128232455028414,0.00180512576093164,0.0477216929282395,0.0303690214368845,0.196555279029848,0.19318078198839,0.931065838300641,0.309213924788759,0.222501495656664,0.137541756058817,0.0529727825964577,0.0564549618048318,0.00979817524662842,0.194326438660795,0.0473888173843879,0.0222196723599899,0.177245367740393,0.00372943545301585,0.0605247731182428,0.0370829305098989,0.226269560496125,0.19068567902214,0.727944568753946,0.345676249202908,0.256947520673644,0.137064940014724,0.0467934037376563,0.0585275241632977,0.00879870046762373,0.195362571017039,0.0409491429974969,0.023095748802577,0.17512044998138,0.00480353292072019,0.0589829312352787,0.0382745686054225,0.215916175480704,0.218308091946367,0.651280297086531,0.304873420998181,0.220966880547864,0.155201590589257,0.0509311812058256,0.0600475201698676,0.00881156299847824,0.22663037742284,0.0465820553433667,0.0225504927367831,0.167679154979207,0.00460949349351586,0.0571289902745669,0.035111454750347,0.216484600349544,0.200893857828677,0.6973979210304,0.386962169662734,0.244877313112176,0.160570198306466,0.0558257184119605,0.0542956013982258,0.0114547208649326,0.17990288598385,0.0481188453708715,0.0263610377532579,0.166303246126355,0.00731252054359448,0.0596392624375744,0.0420700503747226,0.207944777134343,0.204080765001566,0.620181651036056,0.366873751240822,0.2664285461274,0.144522939432131,0.053985618814953,0.0525673386155801,0.0117113202136748,0.193310122275504,0.0491147180904049,0.0280810722421895,0.184750002269729,0.0067213774210785,0.0593307666691142,0.040055193852457,0.207707774541044,0.212122365573422,0.598618923034278,0.331544351452746,0.262484783399611,0.147763277662329,0.0572112691436011,0.0509007995283388,0.0090741627619333,0.216042070488938,0.0524610330493948,0.0262328859259241,0.188137301341269,0.00469903231521455,0.054265396276148,0.0382094433184274,0.210305578961986,0.221893526831105,0.604676307451504
la_madeleine,0.232690806158698,0.146464297827248,0.122510821833803,0.0419212293498206,0.0685402006123971,0.0142003969184907,0.213912966195229,0.0595698323527277,0.0187997848680976,0.157999771234126,0.00457377021865992,0.0714854824937462,0.0338734255732802,0.23406903786293,0.180526772588934,0.929554620859018,0.332112302080313,0.287605903915369,0.124475592420643,0.0527746506820405,0.0417303981070413,0.00860649039837081,0.164510063688604,0.05853919699647,0.0318514933622778,0.151327618595517,0.00410219233598403,0.0447575032485402,0.039608403003974,0.190907236662825,0.281616016206942,0.716167339375057,0.279573200288154,0.162649057774737,0.154427976998264,0.0474853709343418,0.0788702536854512,0.0120916474463886,0.181882304246195,0.0638742684138661,0.019661492669751,0.138383936921754,0.00838330198198221,0.0820458957699104,0.0286393088648099,0.227775454788982,0.17990566531551,0.865043693934377,0.280525032513272,0.169592827291612,0.173691286381739,0.0350672967396322,0.106402094487141,0.00971582897695339,0.211426189665653,0.0376116438220007,0.0163176875491078,0.176825039171838,0.00661166970689581,0.0980619620678272,0.0322115680690064,0.279906348933528,0.176231547702056,0.720495881912061,0.346964631048233,0.19875852623624,0.180614575825756,0.0411951979981811,0.092469772440729,0.00967498941516484,0.25702753519435,0.039327869131348,0.0229098965614291,0.187955495874013,0.00632844390590538,0.0918976880598348,0.0415772011098755,0.254075205912113,0.204923497930521,0.554992601477656,0.336661301459001,0.175294604500349,0.16320456968204,0.0396424681855721,0.12678791912907,0.00985636008046368,0.248094877224448,0.0420820620195298,0.0183368355663671,0.187559330890554,0.00666853479385756,0.114893865664438,0.0343662214925547,0.223339152122462,0.203623312672661,0.600281165889024,0.381123105048789,0.319642607721473,0.153125294260784,0.0419485999169922,0.0594453873071011,0.00882642434967356,0.197449934807646,0.0340273919732984,0.0213230654502891,0.175428035832467,0.00593799781645116,0.0633879158425593,0.0340062610472488,0.220195151743171,0.245478807303859,0.569345364962109,0.39956621630826,0.281157226302689,0.160675365137101,0.0433393837447381,0.0787315640697711,0.0106300788297663,0.209389483942938,0.0342049416010346,0.0200157315989325,0.184989168105757,0.00722703309778947,0.0793316125063619,0.0406574980391134,0.216368327270762,0.226129097006992,0.538282051983174,0.410931185137739,0.291319980459038,0.148421435607644,0.0449054130643596,0.0718927295738064,0.00755621279864762,0.217390930122031,0.0347308438472818,0.0209574467557702,0.188382057276732,0.00508412195956898,0.0778572440013258,0.0387748581696978,0.201020769352718,0.240854288194076,0.530613339176536
montezuma_castle,0.488852770898547,0.336136872927951,0.207501565938822,0.0799357496330613,0.0628351432452859,0.0167677211918825,0.260558596727533,0.0819329663825603,0.0420602191596558,0.256866713680065,0.00719881352948199,0.0784961291765001,0.0564928442374614,0.297634369508608,0.328372317025067,0.915816609488947,0.48658658003488,0.298946942128041,0.22658703236077,0.0828556539482661,0.0659125859370559,0.0190808978775407,0.267156833425205,0.0831777432742858,0.0360849983290088,0.244479335007891,0.00802604336307642,0.0795465324466718,0.0520542301984835,0.295823567311458,0.299797310431754,0.971344637685464,0.556768049980449,0.292646994155877,0.324204609057868,0.071102204918339,0.0503203212993257,0.0160364505684835,0.294182203321057,0.066378914864701,0.0338948202199073,0.250235926228609,0.00996689292922047,0.0595616972014974,0.0441728502772763,0.349295175607801,0.29451592933429,0.804177060906306,0.549395712182999,0.369197256548432,0.23579046011143,0.0730134871293848,0.0499077587864237,0.0147922695757936,0.269610612111152,0.0705526304622347,0.0405164242483309,0.262003259505566,0.00798053205739831,0.0642543407339662,0.0513739050131856,0.302243020898385,0.350231272018945,0.806596315205249,0.576752287290777,0.34532038954114,0.255925126592468,0.0742774462140826,0.0577383784728588,0.016882129934089,0.271582596424685,0.0697824013844696,0.0415813735714471,0.251682981413001,0.0101512809301118,0.0685601247196266,0.0531497608946439,0.301257419544533,0.328730108135866,0.794087860779081,0.568643433768403,0.308466029384831,0.306151760379306,0.0698816829896404,0.0511461158228064,0.0143812322692535,0.298123608480234,0.0644153146872954,0.0366744177903176,0.25810507945432,0.00844503889672794,0.060373507532093,0.0481373507604548,0.338227189314312,0.31158768268349,0.77470023687912,0.558971942106204,0.360195599202168,0.255744781299681,0.0678844874266756,0.0476551252993148,0.0153258774200893,0.269705271137905,0.0659495744456311,0.0371989230730884,0.255928232351441,0.00835663656931516,0.0609035120784272,0.0468714371183073,0.319051087452466,0.334891989072716,0.812826211652406,0.564538314508243,0.350852088376257,0.280508137410474,0.0682338416875648,0.0542014539626149,0.0111085652571082,0.313473503841781,0.0581653730529059,0.0351838947296769,0.292541317630617,0.00567214509329862,0.0682299425597086,0.0505288911968228,0.322244119862607,0.323362871736672,0.718616867852315,0.538621802634301,0.341983941452555,0.258717665610785,0.0729062479269391,0.0577938213029715,0.00760755440345641,0.329649042425453,0.0663934176941502,0.0402064341003657,0.305088226667055,0.00298008031783064,0.0718547393361109,0.058085169685904,0.303572342113594,0.334589403077264,0.727412376653469
neues_museum,0.242581290278614,0.239827208841705,0.118416135279442,0.0473180133371018,0.0294983022361971,0.00775811713676392,0.206942349598625,0.0461006181321157,0.0122470920278532,0.197343723505982,0.00102753910793867,0.0371298552850375,0.0233181814186,0.210364365499791,0.199975063043481,0.820833659437549,0.24562134233111,0.227931877557539,0.105407453534979,0.0484261391650595,0.0425623830134222,0.00754472388360414,0.203800524507187,0.0496329938329262,0.0173402483938786,0.154916821555302,0.00268107892417192,0.0425880592545673,0.0270117373887809,0.209093150449607,0.215332887258986,0.840791957148482,0.252533971060644,0.226072826831988,0.137672874414784,0.0399174757034503,0.0281972694583886,0.0163228952699859,0.178409553884921,0.0494488651137009,0.0182516685163095,0.124275042380893,0.0141548348645609,0.0273990067744232,0.020137925885771,0.227607345183695,0.195041500573981,0.885239004172101,0.256847445351991,0.252490997492022,0.124050410565627,0.0422738982695413,0.0315861981540144,0.0067582990059466,0.195984326532603,0.040986799026229,0.0166420264016766,0.172203536842002,0.00299662171840485,0.0351223823078955,0.0256954916904201,0.206182420969345,0.245235121198913,0.785624773537088,0.316483324037619,0.259956565734619,0.132546160978079,0.0426653066929239,0.0479110618358059,0.00720037933290743,0.209207330119326,0.0358812645314516,0.0172135438457058,0.186112507460433,0.00303372833879098,0.045006960843689,0.0290683378226377,0.220201783938019,0.221253605190496,0.666938953166245,0.276334880993946,0.225084170776152,0.140735985987717,0.0373772924997043,0.0354530390389684,0.00402893584380471,0.215430629866278,0.0329536503173212,0.0146081784908105,0.158497214285623,0.000898265592052651,0.0339977686417587,0.0231694338987209,0.210899607420971,0.212728421498899,0.818483746438887,0.29972106642962,0.269430901853248,0.135307499725499,0.0456951103335973,0.031662161414254,0.00666284970980267,0.193203685205055,0.0385996069665989,0.0157264453767033,0.180731522158676,0.00116428168883867,0.0363845894369886,0.0261372708489837,0.207214065921221,0.235120413348845,0.717920180078208,0.328165397583568,0.265462295820635,0.155292059985629,0.0476397094624574,0.0402760953924464,0.00749503701991113,0.203273668814701,0.0359538711842479,0.0170477483564716,0.193335423292556,0.00339502640064926,0.042154598898065,0.0292696276662991,0.221778707430185,0.236439331238797,0.613702820395366,0.302581541189799,0.264002088403628,0.16226401137443,0.0421029519040794,0.0375331651701185,0.00591795356213908,0.227083051952801,0.0328871904453288,0.015816494636099,0.201678780944646,0.00253024094754855,0.0424496210027097,0.0268332250437692,0.212964149546132,0.23023434882142,0.633802797842499
pont_alexandre_iii,0.267355485498781,0.211497675395295,0.0929528687034259,0.0686692168178225,0.0588197281640661,0.0182891232441811,0.138164651218961,0.083140975354328,0.0285728607316522,0.137068002285114,0.00713172015948626,0.0760136235701371,0.0424702066825551,0.172816526798633,0.171053398063217,0.838807429145651,0.268952511668534,0.202950267428804,0.094848523586278,0.067949280851576,0.0633861131168817,0.0180174745371381,0.141424367913367,0.0822948416145653,0.0278134415564296,0.140860529381179,0.00683999742432748,0.0773468243808682,0.0416664311483198,0.177523513644885,0.167295746896445,0.833653262977971,0.277209091574699,0.196641265851959,0.101815218870343,0.0671199346133081,0.0546615806403666,0.0158984401145614,0.138647534538773,0.0790994023839659,0.0262047407596959,0.140925478720322,0.00598077696871132,0.0706639381435884,0.0411681473295969,0.194154732205916,0.176358343466663,0.826275379572053,0.318994410694594,0.225478990092176,0.105653355867696,0.0550436413354077,0.0542300685612272,0.0150312838112246,0.164040675724895,0.0647747946640011,0.0303766483742045,0.139474778926522,0.0083194716790077,0.0656207495902529,0.039615593331464,0.172498694624606,0.225256854625638,0.728414431384054,0.353692666575219,0.215830594327088,0.112114185052976,0.0547721566701728,0.0665003194542211,0.0149879860674525,0.156823106260108,0.0639347498067537,0.0373939339350319,0.153326572896155,0.0108170086507156,0.0739093673197841,0.0457694870823391,0.174218919893305,0.208815598482723,0.669917114687651,0.316504597174353,0.235457451306936,0.113198460576556,0.0561882079566985,0.0528930308573277,0.0142586537686834,0.148710377943079,0.0635962968566141,0.0287973692178096,0.159234731190339,0.00741501465933614,0.0632501905142948,0.0378498348250766,0.196780097998502,0.201064857460447,0.717623890387959,0.358974749647145,0.23897867629502,0.106641277858813,0.0552609170894995,0.0448320071614837,0.0141090401949081,0.132080307697656,0.0574774842393775,0.0320862613780566,0.123974141549151,0.00836790468129277,0.0544098789931167,0.0386716282637527,0.152235723528267,0.219472883263447,0.775250684429335,0.332965487633487,0.230194817464379,0.0990280586903802,0.0550906462681547,0.0488484899342054,0.0135798511368743,0.130705782242283,0.0602795084034942,0.0298217169578347,0.127684520119113,0.00683375816918459,0.0550758438793632,0.0385841229689422,0.170596607874879,0.216786635133504,0.796748102614809,0.315307973110216,0.253053024206827,0.0802980517072937,0.0556945090424607,0.0393499046260916,0.0112661445913139,0.122195711725512,0.0579350452236533,0.0300256865968194,0.128376036505583,0.00493226312760765,0.0484303758615799,0.041003415497401,0.160976997277091,0.250500032741253,0.813477816127362
